med_condition_id,med_condition
213,PROSTATE ADENOCARCINOMA
257,TYPE 2 DIABETES
19,ASTHMA
61,CYSTIC FIBROSIS
179,NON-SMALL CELL LUNG CANCER
827,SURGERY
858,FONTAN PALLIATION
884,TYMPANOSTOMY
63,DIABETES MELLITUS
224,RHEUMATOID ARTHRITIS
79,FABRY DISEASE
553,ANASTHESIA
252,TOURETTES SYNDROME
230,SEPSIS
497,NON-CYSTIC FIBROSIS BRONCHIECTASIS
86,GASTROINTESTINAL STROMAL TUMOR (GIST)
817,HIGH GRADE SQUAMOUS INTRAEPITHELIAL LESION (HSIL) OF THE CERVIX
340,SEDATION
890,PERIOPERATIVE PAIN
681,LUPUS NEPHRITIS
146,LUNG DISEASE
136,JUVENILE IDIOPATHIC ARTHRITIS (JIA)
724,SQUAMOUS CELL CARCINOMA OF THE HEAD AND NECK
73,ENDOMETRIAL CANCER
775,ARGINASE-1 DEFICIENCY
476,FOCAL SEGMENTAL GLOMERULOSCLEROSIS (FSGS)
764,HYPERMUTANT CANCER
122,HYPERCHOLESTEROLEMIA
371,PSORIASIS
306,METABOLIC SYNDROME
772,CIRRHOSIS OF THE LIVER
783,DIABETIC RETINOPATHY
504,ACUTE MYOCARDIAL INFARCTION
519,ADVANCED HEPATOCELLULAR CARCINOMA
337,GASTRIC CANCER
759,NASAL POLYPOSIS
407,ABDOMINAL SURGERY
883,BOWEL RESECTION
635,LOWER RESPIRATORY TRACT INFECTION
814,ADULT ONSET STILL'S DISEASE
236,SMOKING CESSATION
380,GLABELLAR LINES
319,CHRONIC HEART FAILURE
770,HEPATIC VENO-OCCLUSIVE DISEASE
242,STRESS
491,POST PARTUM MOOD SYMPTOMS
860,BLOOD LOSS
250,THYROID CANCER
612,DESMOID TUMORS
395,HEREDITARY ANGIOEDEMA
112,HIDRADENITIS SUPPURATIVA
92,GLIOMA MALIGNANT
104,HEPATITIS C VIRUS GENOTYPE 1
868,PREVENTION OF RIGHT HEART FAILURE
873,HYPERGLYCEMIA
1241,DUODENAL BIOPSY
878,GLOMERULOPATHY
211,PRIMARY MYELOFIBROSIS (PMF)
227,SCHIZOPHRENIA
454,PROGRESSIVE FAMILIAL INTRAHEPATIC CHOLESTASIS
1118,THYROID EYE DISEASE
517,RECOVERY AFTER ANESTHESIA
1168,PULMONARY FIBROSIS
659,VASOMOTOR SYMPTOMS
1180,FOCAL CORTICAL DYSPLASIA (FCD)
1189,CHOREA
663,EPISODIC MIGRAINE
654,MYELOPROLIFERATIVE NEOPLASMS
820,HEPATO CELLULAR CARCINOMA
992,MASTOCYTOSIS
715,ALCOHOL USE DISORDER
316,OBSESSIVE COMPULSIVE DISORDER
1080,PRESBYOPIA
680,EPITHELIAL OVARIAN CANCER
927,GASTROESOPHAGEAL REFLUX DISEASE (GERD)
368,CARDIAC ARREST
593,DRY EYE DISEASE
282,HEPATIC ENCEPHALOPATHY
829,CRITICALLY ILL
1025,OPIOID USE DISORDER
484,LIVER TRANSPLANTATION
1098,ATHEROSCLEROTIC PLAQUE PROGRESSION
597,ESSENTIAL TREMOR
515,THROMBOCYTOPENIA
128,IMMUNE THROMBOCYTOPENIA (ITP)
1233,PRETERM INFANCY
1046,HEREDITARY TRANSTHYRETIN-MEDIATED AMYLOID POLYNEUROPATHY
67,DISCOID LUPUS ERYTHEMATOSUS
1002,ER+/HER2-BREAST CANCER
1158,PRECANCEROUS LESION
1091,KIDNEY STONES
1150,LICHEN SCLEROSUS
564,RETINOPATHY OF PREMATURITY
369,BILIARY ATRESIA
402,EOSINOPHILIC GRANULOMATOSIS
373,OVARIAN STIMULATION
355,UTERINE LEIOMYOMA
34,CARCINOMA OF THE HEAD AND NECK
417,SUPRAVENTRICULAR TACHYCARDIA
420,ADDICTION
322,IDIOPATHIC CONSTIPATION
378,PAN-UVEITIS
586,OSTEOSARCOMA
133,INTRA-ABDOMINAL INFECTION
450,BINGE EATING DISORDER
510,SYMPTOMATIC PULMONARY HYPERTENSION ASSOCIATED WITH IDIOPATHIC INTERSTITIAL PNEUMONIAS
347,PICK'S DISEASE
342,MELANOMA WITH BRAF MUTATION
384,ABNORMAL WOUND HEALING
403,MASSETER MUSCLE HYPERTROPHY
1309,SLEEP DISORDER
1160,MULTIPLE SYSTEM ATROPHY
352,ESOPHAGEAL SQUAMOUS CELL CARCINOMA (ESCC)
1184,"IMMUNOGLOBULIN ANEPHROPATHY"
1128,AUTOIMMUNE CYTOPENIAS
847,POST-OPERATIVE URINARY RETENTION
769,RADIONECROSIS
1148,ACTIVE ROTATOR CUFF TENDINOPATHY
1149,GRIN DISORDERS
618,GRANULOMATOSIS
1249,ENDOMETRIOMA
1036,T CELL MALIGNANCY
1257,PIK3CA-RELATED OVERGROWTH SPECTRUM (PROS)
1090,BACTEREMIA
866,LUNG FUNCTION
1203,HYPERINSULINEMIA
287,ANUERISMAL SUBARACHNOID HAEMORRHAGE
472,VASCULAR DEPRESSION
556,ECTOPIC ACTH SECRETING (EAS) TUMORS
561,MELANOMA NEGATIVE FOR NRAS
396,UV-INDUCED IMMUNOSUPRESSION
376,INTERMEDIATE UVEITIS
408,RETROPERITONEAL SURGERY
467,ANALGESIA
451,TINNITUS
524,NEUROGENIC BLADDER DYSFUNCTION
570,PRIMARY AMENORRHEA
477,POST-POLIO SYNDROME
410,OCCLUSIONS
708,SKELETAL PATHOLOGY
143,LIVER / HEPATIC DYSFUNCTION
359,GASTROPARESIS
283,PRIMARY BLADDER OBSTRUCTION
276,OPIOID-INDUCED CONSTIPATION
436,CRANIOCEREBRAL TRAUMA
1271,PERICARDITIS
1177,GRANULOMATOSIS WITH POLYANGIITIS (GPA)
743,AUTOSOMAL DOMINANT POLYCYSTIC KIDNEY DISEASE
1041,ATOPIC HAND AND FOOT DERMATITIS
1259,PERITONEAL CARCINOMA
1328,POST INFLAMMATORY ANOSMIA
668,THROMBOSIS
828,ALPHA-1 ANTITRYPSIN DEFICIENCY (AATD)
1136,MIDGUT NEUROENDOCRINE TUMOUR (NET)
1164,MICROSCOPIC COLITIS
1179,DYSLIPIDEMIA
1146,ECZEMA
1178,NEPHROTIC SYNDROME
1244,GASTROESOPHAGEAL ADENOCARCINOMA
1210,CAT ALLERGY
823,REFRACTORY EPILEPTIC ENCEPHALOPATHY
1238,PERIPHERAL SPONDYLOARTHRITIS
693,ANTIBIOTIC RESISTANCE
1029,HYPOPLASTIC LEFT HEART SYNDROME (AUTO CELL-II)
1057,DEGENERATIVE SPONDYLOLISTHESIS
733,PRIMARY CILIARY DYSKINESIA
1030,BK VIREMIA
1200,CLEAR CELL SARCOMA
1074,SEBORRHEIC DERMATITIS
1229,JAW SURGERY
710,SYNOVIAL SARCOMA
40,CENTRAL RETINAL VEIN OCCLUSION
941,ANAL DYSPLASIA
742,FAMILIAL AMYLOIDOTIC POLYNEUROPATHY
679,LIPOPROTEIN PRODUCTION
709,ILEOSTOMY
1282,NOSEBLEED
1273,RADIATION DERMATITIS
1121,HYPOXIC ISCHEMIC ENCEPHALOPATHY
1346,ORBITAL CELLULITIS
1323,EXPANDED CORD BLOOD TRANSPLANTATION
57,CROHN'S DISEASE
258,ULCERATIVE COLITIS
170,MYOCARDIAL PERFUSION
574,AMYLOIDOSIS
719,ACUTE MYELOID LEUKEMIA
131,INFLUENZA
256,TYPE 1 DIABETES
191,PARKINSON'S DISEASE
174,NEUROPATHIC PAIN
796,METASTATIC SOLID TUMOURS
864,ATHEROSCLEROSIS
861,FIBRODYSPLASIA OSSIFICANS PROGRESSIVA (FOP)
727,CATARACT SURGERY
232,SICKLE CELL DISEASE
867,RADIATION ASSOCIATED LUNG INJURY
177,NON-HODGKIN LYMPHOMA
702,BREAST CANCER TRIPLE NEGATIVE
415,OVERWEIGHT/OBESITY
889,SCOLIOSIS
338,VENOUS THROMBOEMBOLISM
838,ALOPECIA AREATA
309,TUBEROUS SCLEROSIS COMPLEX (TSC)
844,ADENOCARCINOMA OF PANCREAS
851,GASTROINTESTINAL SURGERY
151,MACULAR EDEMA
853,ADENOVIRAL CONJUNCTIVITIS
346,FRONTOTEMPORAL DEMENTIA
606,CHRONIC SUBDURAL HEMATOMA
518,EGFR MUTATION SOLID MALIGNANCIES
700,UNSPECIFIED
649,PAROXYSMAL NOCTURNAL HEMOGLOBINURIA
27,BRAIN METASTASES
225,ROSACEA
1028,CORONAVIRUS DISEASE (COVID-19)
651,PROPHYLAXIS FOR THROMBOEMBOLISM PREVENTION
233,SICKLE CELL ANEMIA
240,SQUAMOUS CELL CARCINOMA
633,NEUROENDOCRINE TUMORS
849,INTRACRANIAL METASTASIS
620,EPISODIC CLUSTER HEADACHE
81,FALLOPIAN TUBE CANCER
404,INTRACEREBAL HEMORRAGE
641,MENINGITIS
210,PRIMARY IMMUNODEFICIENCY DISEASES
903,MALAR BAGS
614,ACUTE MAJOR BLEEDING
308,LEUKEMIA
592,HAIRY CELL LEUKEMIA
288,NEOVASCULAR AGE-RELATED MACULAR DEGENERATION
794,NON ALCOHOLIC FATTY LIVER DISEASE (NAFLD)
893,FOCAL-ONSET SEIZURES
293,MALIGNANT SOLID TUMOURS
530,VENOUS THROMBOSIS
31,BREAST CANCER METASTATIC
362,CHRONIC LYMPHOCYTIC LEUKEMIA
1225,CARDIAC ALLOGRAFT VASCULOPATHY
761,HYPOFIBRINOGENEMIA
543,TRAUMA
1059,ACHONDROPLASIA
1104,CANDIDIASIS
1068,UTERINE CANCER
960,FOOD ALLERGIES
475,RHINITIS
933,RELAPSED AND/OR REFRACTORY B-CELL LYMPHOMA
516,HER2 NEGATIVE METASTATIC OR LOCALLY ADVANCED UNRESECTABLE BRCA ASSOCIATED BREAST CANCER
499,ACUTE CORONARY SYNDROME
538,MAJOR CARDIOVASCULAR EVENTS
1081,LEBER CONGENITAL AMAUROSIS
549,OSTEOGENESIS IMPERFECTA
534,THALASSEMIA
1062,PROTOPORPHYRIA
1130,MULTIFOCAL MOTOR NEUROPATHY (MMN)
1230,CORNEAL ENDOTHELIAL DYSTROPHY
435,PREMATURE LABOUR
1219,ISOLATED METHYLMALONIC ACIDEMIA
264,URINARY TRACT INFECTION
588,TRANSTHYRETIN MEDIATED AMYLOIDOSIS
1124,LACERATION
1214,PERTUSSIS
457,END STAGE RENAL DISEASE
184,OVARIAN CANCER PRIMARY PERITONEAL
5,ACUTE BACTERIAL SKIN AND SKIN STRUCTURE INFECTIONS
443,VULVOVAGINAL ATROPHY
447,PULMONARY NODULES
375,BONE SCINTIGRAPHY
438,ORTHOSTATIC HYPOTENSION
238,SPINAL CORD LESION
290,LIPOPROTEIN PARTICLE PRODUCTION
418,SUPRAVENTRICULAR TACHYARRHYTHMIA
390,SUBFOVEAL NEOVASCULAR AGE-RELATED MACULAR DEGENERATION
398,NEUTROPSYCHIATRIC CONDITIONS
449,DOWN SYNDROME
68,DRUG ADDICTION
409,PELVIC SURGERY
545,UNRESECTABLE ADVANCED PERIHILAR CHOLANGIOCARCINOMA
360,NEPHROPATHY
547,LYSOSOMAL ACID LIPAS DEFICIENCY
706,RECURRENT MISCARRIAGE
495,INDOLENT SYSTEMIC MASTOCYTOSIS
575,LIGHT CHAIN DEPOSITION DISEASE
502,SPONTANEOUS CORONARY ARTERY DISSECTION (SCAD)
262,UREA CYCLE DISORDERS
452,CHOLESTATIC LIVER DISEASE
511,AXILLARY HYPERHIDROSIS
357,SITOSTEROLEMIA
354,AUTISM
382,CHOROIDEREMIA
277,HEALTH IMPROVEMENT
434,PRE-ECLAMPSIA
1105,CANDIDEMIA
1310,ENDOMETRIAL HYPERPLASIA
1173,ALVEOLAR SOFT PART SARCOMA
1280,MENSTRUAL MIGRAINE
1163,ALLOGRAFT DYSFUNCTION
1122,INFANT RESUSCITATION
1040,HER2-AMPLIFIED BILIARY TRACT CANCERS
1126,ARTERIOVENOUS MALFORMATIONS (AVM)
1147,GASTRO-ENTEROPANCREATIC NEUROENDOCRINE TUMORS
1000,XEROSTOMIA
1162,PRESSURE ULCERS
1170,POLYMYOSITIS
1246,PERIPHERAL NEUROPATHY
1194,OSTEORADIONECROSIS
1232,BIRCH POLLEN ALLERGY
1159,HYPERTROPHIC SCARS
1171,CLOSTRIDIOIDES DIFFICILE
1358,EOSINOPHILIC DISEASES
228,SECONDARY IMMUNODEFICIENCY DISEASES
1152,BRONCHIECTASIS
1202,BLOOD INFECTION
1217,PLATYSMA PROMINENCE
188,PANCREATIC NEUROENDOCRINE TUMORS
1265,URINARY RETENTION
1208,BORDETELLA PERTUSSIS
1222,GUILLAIN-BARRÉ SYNDROME
1167,SUBCONJUNCTIVAL HEMORRHAGE
1181,CERVICAL FACETOGENIC PAIN
876,COMPLEX REGIONAL PAIN SYNDROME (CRPS)
999,PAROTID GLAND HYPOFUNCTION
1063,HERNIA
982,LAMELLAR ICHTHYOSIS
1236,METHYLMALONIC ACIDEMIA
953,PEMPHIGUS
918,DISTAL RENAL TUBULAR ACIDOSIS
688,ENTEROBACTERIACEAE
1071,HEPATITIS D
728,FACIAL CAPILLARY MALFORMATIONS
605,HYPOTENSION
736,SUDDEN DEAFNESS
741,ATHLETE'S FOOT (TINEA PEDIS)
711,POSITRON EMISSION TOMOGRAPHY (PET)
686,CHILDHOOD SARCOMAS
660,EMBOLIC STROKE
1286,DEVELOPMENTAL AND EPILEPTIC ENCEPHALOPATHY
1305,PLEUROPULMONARY BLASTOMA
1303,ERECTILE DYSFUNCTION
43,CHRONIC INFECTION DUE TO PSEUDOMONAS AERUGINOSA
1334,IGE-MEDIATED FOOD ALLERGY
1276,ANGIOGENIC SARCOMA
1332,COMPLEX CARDIOVASCULAR SURGERY
1268,CANNABIS USE DISORDER
1354,ATRIAL MITRAL REGURGITATION
161,MULTIPLE SCLEROSIS
897,UNRESECTABLE  HEPATOCELLULAR CARCINOMA
812,EPITHELIAL TUMOURS
12,ALLERGIES PEANUT
15,AMYOTROPHIC LATERAL SCLEROSIS (ALS)
183,OVARIAN CANCER
902,RADIAL ARTERY OCCLUSION
117,HUMAN IMMUNODEFICIENCY VIRUS (HIV)
399,CHRONIC SPONTANEOUS URTICARIA
361,DEMENTIA
349,HYPERTRIGLYCERIDEMIA
571,ADVANCED SOLID TUMORS
400,METASTATIC COLORECTAL CANCER
857,ANTIBODY AUTOIMMUNE HEMOLYTIC ANEMIA
212,OSTEOARTHRITIS OF THE KNEE
808,POSTURAL ORTHOSTATIC TACHYCARDIA SYNDROME
888,MULTIPLE OSTEOCHONDROMAS
691,LYMPHOMA
356,CERVICAL CANCER
1031,EPSTEIN-BARR VIRUS-RELATED LYMPHOPROLIFERATIVE DISEASES
36,CARCINOMAS OF THE ANAL CANAL
1166,ACNEFORM ERUPTIONS
955,IMMUNE THROMBOCYTOPENIC PURPURA (ITP)
487,RADICULOPATHY
1234,POSTPRANDIAL HYPERLIPIDEMIA
1072,ONYCHOMYCOSIS
636,PEDIATRIC-ONSET HYPOPHOSPHATASIA
977,HRRM/HRD POSITIVE ADVANCED CANCER
945,RESTLESS LEGS SYNDROME
940,OSTEOMEDULLARY DISEASE
907,POSTTRAUMATIC JOINT CONTRACTURES
23,BARRETT'S ESOPHAGUS (BE)
412,POSTPRANDIAL HYPOTENSION
298,INCOMPLETE ATYPICAL FEMUR FRACTURES
426,HYPERAMMONEMIA
683,NON-PROLIFERATIVE DIABETIC RETINOPATHY
674,HYPERTROPHIC GASTROCNEMIUS MUSCLES
661,SYSTEMIC EMBOLISM
253,TRANSFUSIONAL IRON OVERLOAD
1254,RIGHT VENTRICULAR FAILURE
1329,ACUTE POST-TRAUMATIC HEADACHES
1321,LUNG TRANSPLANTATION
1335,CHIMERIC ANTIGEN RECEPTOR T-CELL THERAPY
1348,MYOCARDITIS
872,FOCAL SEGMENTAL GLOMERULOSCLEROSIS
714,ORGAN TRANSPLANTATION
323,DEPRESSION
175,NOCTURIA
523,HEART FAILURE WITH PRESERVED EJECTION FRACTION
388,DIABETES
747,CHRONIC MYELOMONOCYTIC LEUKEMIA (CMML-2)
243,STROKE
656,NARCOLEPSY
737,INSOMNIA
826,ENTERAL FEEDING INTOLERANCE
865,PRADER-WILLI SYNDROME
552,PROPHYLAXIS OF INFECTIONS
397,ANKYLOSING SPONDYLITIS
836,LENNOX-GASTAUT SYNDROME
62,CYTOMEGALOVIRUS
763,THYROID DISORDER
320,ADENOCARCINOMA
527,"BREAST CANCER, HORMONE RECEPTOR POSITIVE, HER2 NEGATIVE LOCALLY ADVANCED OR METASTATIC"
116,HOMOZYGOUS FAMILIAL HYPERCHOLESTEROLEMIA
89,GLAUCOMA
333,UTERINE FIBROIDS
1023,CANCER
103,HEPATITIS B VIRUS
108,HEPATITIS C VIRUS GENOTYPE 3
628,CHRONIC CLUSTER HEADACHE
9,ATTENTION DEFICIT HYPERACTIVITY DISORDER (ADHD)
937,COAGULOPATHY
315,FOLLICULAR LYMPHOMA
645,ACTIVE AXIAL SPONDYLOARTHRITIS
353,MYELOFIBROSIS
219,RENAL CELL CARCINOMA METASTATIC
596,KERATOPROSTHESIS
194,PERITONEAL CARCINOMATOSIS
425,SEASONAL ALLERGIC RHINITIS
948,CEREBRAL PALSY
431,HEMATOPOIETIC STEM CELL TRANSPLANT
134,ISCHEMIC ATTACK AND MINOR STROKE
446,PLEXIFORM NEUROFIBROMAS
881,DIARRHEA
598,CORONARY ARTERY DISEASE
930,GLYCOGEN STORAGE DISEASE TYPE IA
1027,OPEN ANGLE GLAUCOMA
83,FAMILIAL HYPERCHOLESTEROLEMIA
1045,PRIMARY SCLEROSING CHOLANGITIS (PSC)
922,HYPEROXALURIA
1185,HER2 POSITIVE ADVANCED GASTROESOPHAGEAL ADENOCARCINOMA
465,HIP ARTHROPLASTY
723,B-CELL NON-HODGKIN'S LYMPHOMA
929,VITILIGO
758,POLYMYALGIA RHEUMATICA
975,ALLERGIES
1176,MESOTHELIOMA
500,PRE- AND POST-CAPILLARY PULMONARY HYPERTENSION (CPCPH)
1197,IDIOPATHIC SHORT STATURE
1087,AORTIC VALVE STENOSIS
1113,DIFFUSE CUTANEOUS SYSTEMIC SCLEROSIS
541,PAPILLARY RENAL CELL CARCINOMA
479,HUNTER SYNDROME
938,PSYCHOSIS
640,EPSTEIN-BARR VIRUS (EBV) INFECTION
1190,LONG COVID
266,VIRAL GASTROENTERITIS
1218,PROPIONIC ACIDEMIA
1129,MUCOPOLYSACCHARIDOSIS TYPE II (MPS II)
76,EPENDYMOMA
1054,RETINOBLASTOMA
1112,HERPES SIMPLEX VIRUS (HSV)
1052,ISCHEMIC MITRAL INSUFFICIENCY
1116,INVASIVE PULMONARY ASPERGILLOSIS
77,NEUROGENIC DETRUSOR OVERACTIVITY
414,ALBUMINURIA
440,LYMPHOID MALIGNANCIES
125,HYPOGONADAL
221,RENAL INSUFFICIENCY
153,MALIGNANT PLEURAL MESOTHELIOMA
537,UNCONTROLLED BLEEDING
265,VASCULAR DISEASE
580,MICROSCOPIC POLYANGITIS
93,GOUT
705,INHERITED THROMBOPHILIA
494,SMOLDERING SYSTEMIC MASTOCYTOSIS
273,SECONDARY HYPERPARATHYROIDISM
578,ACHILLES TENDINOSIS
544,CHRONIC PHASE OR ACCELERATED PHASE CHRONIC MYELOID LEUKEMIA
512,NON-SQUAMOUS CARCINOMA OF THE LUNG
383,SOFT TISSUE DEFECTS
1127,ACUTE RESPIRATORY FAILURE
642,PERSONALITY DISORDER
1274,PNEUMONITIS
1144,FONTAN CIRCULATION
877,MAJOR ADVERSE KIDNEY EVENTS
754,OSTEONECROSIS
1161,NOTALGIA PARESTHETICA
1188,DENSE BREASTS
1108,PANIC DISORDER
746,ALCOHOLIC HEPATITIS (AH)
1174,INCLUSION BODY MYOSITIS
336,ANEURYSMAL SUBARACHNOID HEMORRHAGE
1060,CONGENITAL ADRENAL HYPERPLASIA
1058,DYSLEXIA
959,BETA-THALASSEMIA
1051,DIGITAL NERVE LACERATION
1223,ACID SPHINGOMYELINASE DEFICIENCY
1034,CIRCULATING TUMOR DNA (CTDNA) POSITIVE
1209,INFANTILE KRABBE DISEASE (GLOBOID CELL LEUKODYSTOPHY)
912,IDIOPATHIC INTRACRANIAL HYPERTENSION
778,CORNEAL MELT
981,PLASMA CELL DISORDERS
987,SARCOIDOSIS-ASSOCIATED PULMONARY HYPERTENSION
1008,VULVODYNIA
206,POST-STROKE SPASTICITY OF LOWER LIMB
1017,APLHA-MANNOSIDOSIS
915,TRANSPOSITION OF THE GREAT ARTERIES (TGA)
917,CEREBRAL EDEMA
905,ORAL CAVITY CANCER
652,ACUTE OPTIC NEURITIS
707,SHOULDER REPLACEMENT
609,GNE MYOPATHY (GNEM)
60,ACUTE OTITIS EXTERNA
744,BIPOLAR POSTPARTUM DEPRESSION
749,NUT MIDLINE CARCINOMA (NMC)
611,AGGRESSIVE FIBROMATOSIS
1283,GRAVE'S DISEASE
1317,HAEMOPHILUS INFLUENZAE SEROTYPE A
1301,IMMUNOTHERAPY-RELATED HEPATITIS
1331,HIGH-RISK ALCOHOL USE
1347,HEMOCHROMATOSIS
1341,CANCER ASSOCIATED CACHEXIA
1272,VEXAS SYNDROME
154,MELANOMA
289,HERPES ZOSTER
806,HEPATIC STEATOSIS
810,X-LINKED MYOTUBULAR MYOPATHY
650,METASTATIC PANCREATIC DUCTAL ADENOCARCINOMA
821,HEPATITIS B
837,FRACTURES
90,GLIOBLASTOMA
278,SOLID TUMORS
771,HYPOGLYCEMIA UNAWARENESS
392,EPILEPSY
268,VON WILLEBRAND DISEASE
818,BRONCHOCONSTRICTION
343,CASTRATION RESISTANT PROSTATE CANCER
968,KIDNEY TRANSPLANT REJECTION
351,AUTISM SPECTRUM DISORDER
782,ARTICULAR CARTILAGE DEFECT
196,PLAQUE PSORIASIS
311,SYSTEMIC LUPUS ERYTHEMATOSUS
787,LI-FRAUMENI SYNDROME
784,VITREOUS HEMORRHAGE
799,RHINOSINUSITIS
318,NONSENSE MUTATION DYSTROPHINOPATHY
788,NEUROCOGNITIVE DISORDERS
401,PANCREATIC ADENOCARCINOMA
49,COLON CANCER
619,GASTROESOPHAGEAL JUNCTION CANCER
460,MEDULLOBLASTOMA
590,HEMORRHAGE
603,COMMON COLD
673,AXIAL SPONDYLARTHRITIS
433,ATRIAL FIBRILLATION
456,CHRONIC KIDNEY DISEASE (CKD)
831,HEPATIC IMPAIRMENT
74,ENDOMETRIOSIS
199,POLYCYTHEMIA VERA (PV)
856,CHARCOT-MARIE-TOOTH DISEASE TYPE 1A
833,TONSILLECTOMY
345,CHRONIC HEPATITIS B
692,PRIMARY PERITONEAL CANCER
573,OCULOPHARYNGEAL MUSCULAR DYSTROPHY (OPMD)
51,COLORECTAL CARCINOMA
520,ACTINIC KERATOSIS
482,OSTEOARTHRITIS
863,HYPOACTIVE SEXUAL DESIRE
1207,ISOLATED CERVICAL DYSTONIA
800,VIRUS-ASSOCIATED CANCER
1020,METASTATIC CANCERS
111,HETEROZYGOUS FAMILIAL HYPERCHOLESTEROLEMIA
85,FRAGILE X SYNDROME
648,THROMBOTIC THROMBOCYTOPENIC PURPURA
87,GAUCHER DISEASE TYPE 1
576,IRRITABLE BOWEL SYNDROME
1120,ICHTHYOSIS
1191,CROUP
658,APPENDICITIS
600,LIPOSARCOMA
302,NAUSEA AND VOMITING
535,TRANSFUSION DEPENDENT THALASSEMIA
430,NEUROFIBROMATOSIS TYPE I
954,RETINITIS PIGMENTOSA (RP)
296,MIXED DYSLIPIDEMIA
88,"GENERALIZED MYASTHENIA GRAVIS (MG)."""
1198,SMALL FOR GESTATIONAL AGE
735,GERM CELL TUMOUR
330,GIANT CELL ARTERITIS
1089,MYOTONIC DYSTROPHY
1088,GAUCHER DISEASE TYPE 3
1048,RETT SYNDROME
244,SUBACUTE CUTANEOUS LUPUS ERYTHEMATOSUS
1083,PHENYLKETONURIA
697,SHORT BOWEL SYNDROME
1157,PULMONARY ASPERGILLOSIS
1082,MYOCARDIAL RECOVERY
980,MENOPAUSE-RELATED VASOMOTOR SYMPTOMS
1205,NEURONAL CEROID LIPOFUSCINOSIS TYPE 1 (CLN1)
1213,DIPHTHERIA
581,ADENOVIRUS
921,ANAL CANCER
490,CARCINOID SYNDROME
1155,URTICARIA
752,SUBUNGUAL ONYCHOMYCOSIS (DSO)
22,AUTOIMMUNE DISEASE
26,BRAF MUTATION-POSITIVE TUMORS
281,THROMBOLYSIS
1251,ENDOCARDITIS
1261,GYNECOLOGICAL CANCER
1154,IDIOPATHIC HYPERSOMNIA
1172,"LOWER LEG ANTEROLATERAL CHRONIC EXERTIONAL COMPARTMENT SYNDROME"
1285,METABOLIC DYSFUNCTION-ASSOCIATED STEATOHEPATITIS
1069,22Q11 DELETION SYNDROME
1138,AUTOIMMUNE ENCEPHALITIS
1141,CHRONIC DIABETIC PERIPHERAL NEUROPATHIC PAIN
1156,PLANTAR WARTS
1143,PRION DISEASE
1253,FOCAL CEREBRAL ARTERIOPATHY
1043,GASTRO-OESOPHAGEAL CANCER
156,MENINGITIS B
1055,WHIM SYNDROME
1262,HEMATURIA
1056,EPITHELIOID SARCOMA
114,HIP PAIN
970,LATERAL CANTHAL LINES
1049,MYOTUBULAR MYOPATHY
991,NAUSEA
962,MALIGNANT PLEURAL EFFUSION
1021,CANCER SURVIVORS
1033,NODAL SOLID TUMORS
911,RIB FRACTURES
638,ANAPLASTIC ASTROCYTOMA
760,URINARY TRACT CARCINOMA
1014,ADVERSE VASCULAR EVENTS
998,MESOTHELIN-EXPRESSING CANCER
314,METASTATIC MALIGNANCY
979,GIANT CELL TUMOR OF BONE
931,EPSTEIN-BARR VIRUS - ASSOCIATED POST TRANSPLANT LYMPHOPROLIFERATIVE DISEASE
966,CONGENITAL ACHROMATOPSIA
908,ORAL MUCOSITIS
644,POST-CONCUSSION SYNDROME
267,VITAMIN DEFICIENCY
551,PREVENTION OF ACUTE RENAL INJURY
667,ALPHA1-PROTEINASE INHIBITOR DEFICIENT
666,ADENOCARCINOMA OF THE STOMACH
755,HEPATORENAL SYNDROME TYPE 1
717,GLYCEMIA
585,PEMPHIGUS VULGARIS
1322,GASTROENTEROPANCREATIC NEUROENDOCRINE TUMORS (GEP-NET)
1304,CALCIPHYLAXIS
1314,METABOLIC DYSFUNCTION-ASSOCIATED STEATOTIC LIVER DISEASE (MASLD)
1336,ALLOGENEIC STEM CELL TRANSPLANT
1338,RELAPSED / REFRACTORY AUTOIMMUNE NERUOLOGIC DISEASES
124,HYPERTENSION
625,BLADDER CANCER
186,PAIN
317,MYELODYSPLASTIC SYNDROME
432,DIABETIC GASTROPARESIS
21,ATYPICAL HEMOLYTIC UREMIC SYNDROME (AHUS)
37,CARDIOVASCULAR DISEASE
855,OBESITY
14,ALZHEIMER'S DISEASE
167,MULTIPLE MYELOMA
862,NECROTIZING ENTEROCOLITIS
887,BRONCHIOLITIS
366,METASTATIC ENDOMETRIAL CANCER
10,ADVANCED CANCERS
894,CANCER PAIN
185,OVERACTIVE BLADDER
795,PARATHYROID ADENOMA
835,AGGRESSION
218,PULMONARY ARTERIAL HYPERTENSION (PAH)
255,TRANSPLANTATION
3,ACTIVE ANKYLOSING SPONDYLITIS
370,GRAFT VS HOST DISEASE
187,PANCREATIC CANCER
542,TRANSTHYRETIN AMYLOID CARDIOMYOPATHY
217,PSORIATIC ARTHRITIS
148,LYMPHOBLASTIC LEUKEMIA
150,DIFFUSE LARGE B-CELL LYMPHOMA
766,CONGENITAL HYPERINSULINEMIA
834,CARDIOMYOPATHY
584,ANTIPHOSPHOLIPID SYNDROME
745,ALPORT SYNDROME
65,DIABETIC NEPHROPATHY
901,PENILE CANCER
321,SPINAL MUSCULAR ATROPHY
501,BIPOLAR DISORDER
572,HEREDITARY HAEMORRHAGIC TELANGIECTASIA
506,RELAPSED OR REFRACTORY ACUTE MYELOID  LEUKEMIA (AML)
655,IMMUNOGLOBULIN A NEPHROPATHY
42,CHRONIC COUGH
513,POST-ESSENTIAL THROMBOCYTHEMIA MYELOFIBROSIS
193,PERIPHERAL T CELL LYMPHOMA
870,IDIOPATHIC INFANTILE HYPERCALCEMIA
488,GASTROSCHISIS
324,NEUROMYELITIS OPTICA SPECTRUM DISORDER
1277,AUTOSOMAL DOMINANT HYPOCALCEMIA TYPE 1
900,CATECHOLAMINERGIC POLYMORPHIC VENTRICULAR TACHYCARDIA (CPVT)
25,BIPOLAR DEPRESSION
996,ARTHIRITS
757,CENTRAL NERVOUS SYSTEM LYMPHOMA
200,ESSENTIAL THROMBOCYTHEMIA
944,MYELOID MALIGNANCIES
1035,COMMUNITY-ACQUIRED PNEUMONIA
350,DIFFUSE INTRINSIC PONTINE GLIOMAS
1153,SUBDURAL HEMATOMA
848,CHRONIC MYELOGENOUS LEUKEMIA (CML)
776,PALMOPLANTAR PUSTULOSIS
458,BILIARY CANCER
461,SCALP AND BODY PSORIASIS
141,LIMB SPASTICITY
985,WILSON'S DISEASE
505,LOCALLY ADVANCED/METASTATIC NON SMALL CELL LUNG CANCER
1093,VASOSPASTIC ANGINA
334,SARCOMA
1050,ANGELMAN SYNDROME (AS)
952,PATENT DUCTUS ARTERIOSUS (PDA)
231,SEVERE CHRONIC HAND DERMATITIS
204,POSTPARTUM DEPRESSION
1224,MYELIN OLIGODENDROCYTE GLYCOPROTEIN-ANTIBODY-ASSOCIATED DISEASE
1016,LUNG CANCER SURGERY
55,CORONARY ARTERY BYPASS GRAFT
1079,CHRONIC HEADACHES
634,HYPEREOSINOPHILIC SYNDROME
374,ASSISTED REPRODUCTIVE TECHNOLOGY PROGRAMME
147,LUNG INJURY
341,WEIGHT GAIN
1099,CHOLESTATIC PRURITUS
326,CHRONIC THROMBOEMBOLIC PULMONARY HYPERTENSION (CTEPH)
328,INFLAMMATORY MYOFIBROBLASTIC TUMOR
105,HEPATITIS C VIRUS GENOTYPE 1 OR 4
471,GASTROINTESTINAL CANCER
464,MYOCARDIAL FIBROSIS
492,BASAL CELL NEVUS SYNDROME
526,SYMPTOMATIC LEG SUPERFICIAL VEIN THROMBOSIS
419,AORTIC ANEURYSM
59,CUTANEOUS MELANOMA
96,HEMODIALYSIS
604,TARDIVE DYSKINESIA
548,CHRONIC SCROTAL PAIN
630,CHOLERA
662,ARTICULAR CARTILAGE INJURY
567,CYSTIC LESIONS
160,MUCOPOLYSACCHARIDOSIS IVA (MORQUIO  SYNDROME)
562,NEUROSURGICAL CRANIAL PROCEDURES
130,IMPLANTABLE CARDIOVERTER DEFIBRILLATOR
381,FACIAL AGING
270,LAMBERT-EATON MYASTHENIC SYNDROME (LEMS)
72,PULMONARY EMPHYSEMA
1065,PRIMARY SJOGREN'S SYNDROME (PSJS)
643,X-LINKED HYPOPHOSPHATEMIA
1315,DEMORALIZATION SYNDROME
1077,GIANT CELL TUMORS
1245,FATIGUE
190,PAPULOPUSTULAR ROSACEA
1255,SEPTOPLASTY
1139,ADVANCED PRAME-POSITIVE CANCERS
731,ACUTE RENAL INJURY
1151,GLOMERULONEPHRITIS
1103,METHAMPHETAMINE USE DISORDER
1134,UPPER GASTROINTESTINAL TRACT MALIGNANCIES
1106,PROLIFERATIVE VITREORETINOPATHY (PVR)
139,LANGERHANS CELL HISTIOCYTOSIS
1248,POLYCYSTIC OVARY SYNDROME
1175,INFLAMMATORY ARTHRITIS
1037,B CELL MALIGNANCY
1084,FUNGAL DISEASE
1117,NONTUBERCULOUS MYCOBACTERIAL (NTM) LUNG INFECTION
1264,OPIOID WITHDRAWAL SYNDROME
1096,TAY-SACHS DISEASE
1078,IMPETIGO
1235,THROMBOTIC MICROANGIOPATHY
1067,PERIPHERAL ARTERY DISEASE
947,DYSKINESIA
1231,AUTOIMMUNE PULMONARY ALVEOLAR PROTEINOSIS
1005,CHRONIC INFLAMMATORY DISEASES
1032,COMPLEX PERIANAL FISTULA
637,ISCHEMIC LEFT VENTRICULAR DYSFUNCTION
1015,CERVICAL SPINAL CORD INJURY
926,PEROXISOMAL DISORDERS
45,CHRONIC IRON OVERLOAD REQUIRING CHELATION THERAPY
563,CRITICAL LIMB ISCHEMIA
961,CARDIOPULMONARY DYSFUNCTIONS
949,INCREASING IN VITRO FERTILISATION (IVF) SUCCESS
898,OPTIC NEUROPATHY
595,PYODERMA GANGRENOSUM
269,VULVOVAGINAL CANDIDIASIS
379,FOREHEAD LINES
704,PANCREATIC INSUFFICIENCY EXOCRINE
613,GENDER AFFIRMING THERAPY
647,ACTIVE RADIOGRAPHIC AXIAL SPONDYLOARTHRITIS
685,NEURODEGENERATIVE DEMENTIAS
684,CAROTID ATHEROSCLEROTIC PLAQUE
739,INHERITED RETINAL DISEASE (IRD)
756,TESTICULAR LYMPHOMA
720,BLASTIC PLASMACYTOID DENDRITIC CELL NEOPLASM
694,ANGIOIMMUNOBLASTIC T-CELL LYMPHOMA
675,FAMILIAL PRIMARY HYPOALPHALIPOPROTEINEMIA
1279,HYPOCHONDROPLASIA
1344,PRIMARY ALDOSTERONISM
1345,VASCULAR MALFORMATION
1324,HEALTHY FEMALES
1269,ANTI-NEUTROPHIL CYTOPLASMIC AUTOANTIBODY (ANCA)-ASSOCIATED VASCULITIS
1302,GEOGRAPHIC ATROPHY
1316,ALLERGIC CONTACT DERMATITIS
1325,TUBERCULOSIS
1291,STILL'S DISEASE
1312,ANGIOEDEMA
1333,CARDIOPULMONARY BYPASS
1330,TAUOPATHY
1299,EMBRYONAL CENTRAL NERVOUS SYSTEM TUMOURS
841,DILATED CARDIOMYOPATHY
811,IL-18 DRIVEN MONOGENIC AUTOINFLAMMATORY CONDITIONS
28,BREAST CANCER
33,CLOSTRIDIUM DIFFICILE INFECTION
82,FAMILIAL CHYLOMICRONEMIA SYNDROME
393,UROTHELIAL CANCER
665,ADVANCED MALIGNANCIES
182,OTITIS EXTERNA
568,MACULAR DEGENERATION
209,PRIMARY BILIARY CIRRHOSIS
850,CONGENITAL MYASTHENIC SYNDROMES (CMS)
792,PRURITIS
601,PRIMARY SCLEROSING CHOLANGITIS
229,SEIZURES
405,URINARY INCONTINENCE
531,CLOSTRIDIUM DIFFICILE-ASSOCIATED DIARRHOEA (CDAD)
852,BACTERIAL CONJUNCTIVITIS
786,CARTICOBASAL DEGENERATION
386,RELAPSED OR REFRACTORY MULTIPLE MYELOMA
169,MYOCARDIAL INFARCTION
202,POST-HERPETIC NEURALGIA (PHN)
507,RELAPSED OR REFRACTORY SOLID TUMORS
312,PSYCHOTIC DISORDER
554,ACROMEGALY
280,RESPIRATORY SYNCYTIAL VIRUS
94,GROWTH HORMONE DEFICIENCY
215,PROSTATE CANCER METASTATIC CASTRATION RESISTANT
58,CUSHING'S DISEASE
261,UPPER RESPIRATORY TRACT INFECTION
481,HODGKIN LYMPHOMA
721,MERKEL CELL CARCINOMA
1,ACNE
172,NEUROBLASTOMA
50,COLORECTAL CANCER
181,OSTEOPOROSIS
1239,METASTATIC B7-H3 EXPRESSING NEOPLASM
135,ISLET TRANSPLANTATION
627,BREAST CANCER METASTATIC TRIPLE NEGATIVE
11,ALLERGIES ENVIRONMENTAL
442,PNEUMONIA
753,INTRAHEPATIC CHOLANGIOCARCINOMA
874,PULMONARY EMBOLISM
166,MYELOMONOCYTIC LEUKEMIA
197,PLATINUM-RESISTANT OVARIAN CANCER
66,DIABETIC NEUROPATHIC PAIN
807,UPSHAW-SCHULMAN SYNDROME
473,LUPUS ERYTHEMATOSUS
237,SOFT TISSUE SARCOMA
880,CESAREAN DELIVERY
514,POST-POLYCYTHEMIA VERA MYELOFIBROSIS
842,GLIOMA
1109,END OF LIFE DISTRESS
1107,CONTRACEPTION
964,IDIOPATHIC INFLAMMATORY MYOPATHY
444,VASCULAR INFLAMMATION
1133,EOSINOPHILIC GASTRITIS
671,RECTAL CANCER
664,SJÖGREN'S SYNDROME
1042,IGG4 RELATED DISEASE
1182,BULLOUS PEMPHIGOID
310,SLEEP APNEA
1061,ARTHRALGIAS
984,BRAIN INJURY
158,CHRONIC MIGRAINE
64,DIABETIC MACULAR EDEMA
291,SOMATOSTATIN RECEPTOR POSITIVE TUMOURS
307,EYE SURGERY
825,DRAVET SYNDROME
1187,ECTONUCLEOTIDE PYROPHOSPHATASE/PHOSPHODIESTERASE 1 (ENPP1) DEFICIENCY
879,ACUTE ISCHEMIC STROKE
943,POST-MENOPAUSAL VASOMOTOR SYMPTOMS
1085,ACUTE RESPIRATORY DISTRESS SYNDROME (ARDS)
906,CUTANEOUS T-CELL LYMPHOMA (CTCL)
331,OVARIAN CARCINOMA
1119,FAILED ENDOMETRIAL ABLATION
1102,MONKEYPOX
325,CHOROIDAL NEOVASCULARIZATION
180,NON-SMALL CELL LUNG CANCER - CACHEXIA (NSCLC-C)
1125,LARYNGEAL EDEMA
1097,POST-COVID FATIGUE SYNDROME
579,POLYANGITIS
406,ACCORDION WRINKLES
391,ACE INHIBITOR INDUCED ANGIOEDEMA
335,BRONCHOPULMONARY DYSPLASIA
416,ATRIAL FLUTTER
557,DUMPING SYNDROME
249,THROMBOCYTHEMIA MYELOFIBROSIS
428,SUBSTANCE ABUSE
468,CONSTIPATION
539,HEREDITARY PERIODIC FEVERS
498,IDIOPATHIC THROMBOCYTOPENIC PURPURA (IPT)
478,PROSTATE HYPERPLASIA
599,VENTRICULAR ARRHYTHMIA
203,POSTMENOPAUSAL
445,ATHEROSCLEROTIC VASCULAR DISEASE
485,POST-PROSTATECTOMY
372,ISCHEMIC DILATED CARDIOMYOPATHY
441,LIVER METASTASES
251,TOURETTE'S DISORDER
1140,PRIMARY MEMBRANOUS NEPHROPATHY
791,ELEVATED LEVELS OF LIPOPROTEIN
1137,REFRACTORY TRIGEMINAL NEURALGIA
1070,IMMUNE-RELATED COLITIS
1001,ADVANCED MALIGNANT TUMORS
198,PLEURAL MESOTHELIOMA
8,ADENOID CYSTIC CARCINOMA (ACC)
958,HER2-LOW UNRESECTABLE AND/OR METASTISTIC BREAST CANCER
1192,ABDOMINAL SUBCUTANEOUS FAT
974,NON-SQUAMOUS/SQUAMOUS NSCLC
126,IDIOPATHIC MEMBRANOUS NEPHROPATHY (IMN)
1142,WET AGE-RELATED MACULAR DEGENERATION
1206,LYME DISEASE
1053,ANEURYSM
1022,CAM TYPE FEMOROACETABULAR IMPINGEMENT
1075,OTOTOXICITY
923,MOOD & METABOLIC DISORDERS
928,ALCOHOL WITHDRAWAL SYNDROME
793,ACUTE PULMONARY EMBOLISM
777,TEMPOROMANDIBULAR DISORDER
779,OCULAR INFLAMMATION
1047,THERMAL INJURY
1006,UVEITIS
986,CYSTINOSIS
1009,DIABETIC FOOT ULCERS
914,LUNG DISORDERS
899,ORAL LICHEN PLANUS (OLP)
875,SMALL BOWEL OBSTRUCTION
682,GENITAL PSORIASIS
972,HEMOPHAGOCYTIC LYMPHO HISTIOCYTOSIS
1237,HEART TRANSLPANTATION
155,MENIERE'S DISEASE
358,ISCHEMIC EVENTS
297,PALMOPLATER PSORIASIS
729,PULMONARY VEIN STENOSIS
669,KIDNEY CANCER
730,EUVOLEMIC OR HYPERVOLEMIC HYPONATREMIA
670,MANAGEMENT OF THE MASSETER
687,LIPOPROTEIN LIPASE DEFICIENCY
751,THROMBOPHYLAXIS
726,ACUTE HERPETIC GINGIVOSTOMATITS
762,SIALORRHEA
470,ABUSE POTENTIAL
639,POSTEROLATERAL LUMBAR SPINAL FUSION
1266,ACUTE KIDNEY INJURY
1287,SLEEP DISTURBANCES
1267,PREGNANCY
1342,ELEVATED TRIGLYCERIDES
1343,REMNANT CHOLESTEROL
1319,LARGE B-CELL LYMPHOMA
1275,MAST CELL ACTIVATION SYNDROME
1311,MECONIUM ASPIRATION SYNDROME
138,LABOUR
1284,ERYTHROCYTE MEMBRANOPATHIES
589,BURN
734,NONALCOHOLIC STEATOHEPATITIS (NASH)
565,RELAPSING-REMITTING MULTIPLE SCLEROSIS
235,SMALL CELL LUNG CANCER
98,HEMOPHILIA
394,ACUTE LYMPHOBLASTIC LEUKEMIA
768,PROGRESSIVE SUPRANUCLEAR PALSY
701,KIDNEY TRANSPLANTATION
423,INTERSTITIAL LUNG DISEASE
142,LIVER DISEASE
137,KIDNEY DISEASE
271,HYPERKALEMIA
44,CHRONIC INFLAMMATORY DEMYELINATING POLYNEUROPATHY (CIDP)
767,GESTATIONAL DIABETES MELLITUS
550,EOSINOPHILIC ESOPHAGITIS
437,TRAUMATIC BRAIN INJURY
798,GLUCOCORTICOID-INDUCED OSTEOPOROSIS
583,SEPTIC SHOCK
832,HEART DISEASE
845,DYSPHAGIA
854,IRON DEFICIENCY
765,PRIMARY BRAIN TUMOUR
696,ESOPHAGEAL CANCER
168,MYELOMA
6,ACUTE MYELOGENOUS LEUKEMIA
859,VAGINECTOMY
149,LYMPHOCYTIC LEUKEMIA
942,PNEUMOCOCCAL DISEASE
529,ACUTE VENOUS THROMBOEMBOLISM
608,HYPOSPADIAS
631,ALLERGIC CONJUNCTIVITIS
626,CHRONIC LOW BACK PAIN
678,PANCREATIC DUCTAL ADENOCARCINOMA
712,BONE METASTASES
815,B-CELL MALIGNANCIES
1201,KIDNEY GRAFT FIBROSIS
871,PAROXYSMAL SUPRAVENTRICULAR TACHYCARDIA (PSVT)
869,BACTERIAL PNEUMONIA
819,COLD AGGLUTININ DISEASE
809,AUTOIMMUNE HEPATITIS
207,POST-TRAUMATIC STRESS DISORDER
387,DYSLIPIDEAMIA
1111,ANDROGENIC ALOPECIA
935,B-CELL ACUTE LYMPHOBLASTIC LEUKEMIA
1135,FACIOSCAPULOHUMERAL MUSCULAR DYSTROPHY
521,NASOPHARYNGEAL CARCINOMA
4,ACTIVE PSORIATIC ARTHRITIS
1086,SUICIDALITY
462,PANCREATITIS
969,PRURIGO NODULARIS
587,CHOLANGIOCARCINOMA
1195,TURNER SYNDROME
1094,FIBROMYALGIA
178,NON-MUSCLE INVASIVE BLADDER CANCER (NMIBC)
294,CARDIAC SURGERY
1092,KNEE INJURY
201,POMPE DISEASE
1216,CANAVAN DISEASE
453,ALAGILLE SYNDROME
997,SJOGREN'S SYNDROME
973,EGFR POSITIVE CANCERS
939,EOSINOPHILIC ASTHMA
1220,METHYLMALONYL-COA MUTASE DEFICIENCY
1024,LUNG TRANSPLANT RECIPIENT
703,ANOREXIA
971,MYCOSIS FUNGOIDES
1044,ADVANCED TUMORS
1228,TUMOR
1110,VULVAR CANCER
740,COLORECTAL ADENOCARCINOMA
1115,LEIOMYOSARCOMA
1165,FRIEDREICH ATAXIA
698,ADVANCED LUNG CANCER
260,PULMONARY DISORDERS
132,INTERSTITIAL CYSTITIS/BLADDER PAIN SYNDROME
304,MRI IMAGING
129,IMMUNOSUPPRESSANTS
377,POSTERIOR UVEITIS
56,CORONARY HEART DISEASE OR HIGH RISK OF CORONONARY HEART DISEASE
522,CAROTID ARTERY PLAQUE
546,BACTERIAL VAGINOSIS
496,CUTANEOUS MASTOCYTOSIS WITH HANDICAP
602,HEPATIC INSUFFICIENCY
532,HEPATIC-ONLY METASTASES OF  COLORECTAL CANCER
533,WALDENSTRÖM'S MACROGLOBULINEMIA
247,TESTOSTERONE DEFICIENCY
577,HEPATITIS C VIRUS GENOTYPE 4
503,CARPAL TUNNEL SYNDROME
540,SARCOMERIC HYPERTROPHIC CARDIOMYOPATHY
463,GLUCOSE TRANSPORTER 1 DEFICIENCY SYNDROME
459,METASTATIC SALIVARY GLAND NEOPLASM
455,MIDDLE EAR EFFUSION
284,NEUROINFLAMMATION
286,BLEB
1326,AUTOIMMUNE GLOMERULAR DISEASE
950,RECESSIVE DYSTROPHIC EPIDERMOLYSIS BULLOSA
1183,"CONGENITAL HYPERINSULINISM"
1193,MENTAL HEALTH CONCERNS
983,BIRTH ASPHYXIA
1169,ADAMANTINOMATOUS CRANIOPHARYNGIOMA
1145,FUCHS ENDOTHELIAL CORNEAL DYSTROPHY
1199,CHONDROSARCOMA
1242,HYPOPHOSPHATASIA
1357,JUVENILE SPONDYLOARTHRITIS
248,THORACIC OUTLET SYNDROME
1252,MECP2 DUPLICATION SYNDROME
1039,ENDOGENOUS CUSHING SYNDROME
1204,STREPTOCOCCAL INFECTION
1260,CEPHALOSPORIN-RESISTANT ENTEROBACTERIACEAE INFECTION
725,STEATOHEPATITIS NON-ALCOHOLIC
1038,COW'S MILK ALLERGY
695,POUCHITIS
909,CARDIAC SARCOIDOSIS
925,INFANTILE SPASM
965,GRAVES` OPHTHALMOPATHY
919,NEONATAL STROKE
780,METASTATIC CEA-POSITIVE SOLID TUMORS
1018,FAMILIAL ADENOMATOUS POLYPOSIS
1211,INFANTILE METACHROMATIC LEUKODYSTROPHY
101,HEPARIN-INDUCED THROMBOCYTOPENIA (HIT)
916,SENSORINEURAL HEARING LOSS
957,IMMUNE RELATED TOXICITY
226,ROTAVIRUS
676,PRIMARY HUMORAL IMMUNDEFICIENCY
1226,IDIOPATHIC POLYPOIDAL CHORIDAL VASCULOPATHY
1227,CENTRAL SEROUS CHORIORETINOPATHY
624,FRONTOTEMPORAL LOBAR DEGENERATION
610,HEREDITARY INCLUSION BODY MYOPATHY (HIBM)
439,GASTROINTESTINAL DISORDERS
732,MOLYBDENUM COFACTOR DEFICIENCY TYPE A
713,GLIOSARCOMA
106,HEPATITIS C VIRUS GENOTYPE 1A OR 1B
653,POSTERIOR INSTRUMENTED LUMBAR SPINAL FUSION
657,FAMILIAL AMYLOIDOTIC CARDIOMYOPATHY
1281,EPISTAXIS
1298,UPPER AIRWAY COUGH SYNDROME
1313,CRYOPYRIN-ASSOCIATED PERIODIC SYNDROME
1270,SPINOCEREBELLAR ATAXIA TYPE 2
1306,WELL-BEING
1308,PRIMARY HYPERPARATHYROIDISM
1349,PLANTAR FASCIITIS
120,HUNTINGTON DISEASE
214,PROSTATE CANCER
895,PYRUVATE KINASE DEFICIENCY
722,RENAL CELL CARCINOMA
220,RENAL FAILURE
279,ATOPIC DERMATITIS
329,ANEMIA
882,METHICILLIN-RESISTANT STAPHYLOCOCCUS AUREUS (MRSA)
421,HEART FAILURE
301,INFERTILITY
47,CHRONIC OBSTRUCTIVE PULMONARY DISEASE (COPD)
99,HEMOPHILIA A
486,OROPHARYNX CANCER
689,CHRONIC PLAQUE PSORIASIS
95,HEAD AND NECK CANCER
29,BREAST CANCER HER2-POSITIVE
246,SYSTEMIC SCLEROSIS
594,ULCERS
1073,CONGENITAL MYOTONIC DYSTROPHY
429,ANXIETY DISORDER
813,CARCINOMA
1243,CANNABIS WITHDRAWAL
427,DERMATOMYOSITIS
275,HEPATITIS C VIRUS
70,DUCHENNE MUSCULAR DYSTROPHY
100,HEMOPHILIA B
830,PRIMARY BILIARY CHOLANGITIS (PBC)
127,IDIOPATHIC PULMONARY FIBROSIS (IPF)
785,ORNITHINE TRANSCARBAMYLASE DEFICIENCY
483,PULMONARY HYPERTENSION
110,HEPATOCELLULAR CARCINOMA
292,HEMATOLOGICAL MALIGNANCIES
797,PRIMARY IMMUNE DEFICIENCY
165,MYELOID LEUKEMIA
489,UVEAL MELANOMA
424,MANTLE CELL LYMPHOMA
632,IMMUNIZATION
474,MALIGNANCIES
24,BASAL CELL CARCINOMA
157,MIGRAINE
773,CENTRAL NERVOUS SYSTEM MALIGNANCY
846,OPTIC NEURITIS
348,HYPERLIPIDEMIA
466,KNEE ARTHROPLASTY
822,HPV-ASSOCIATED CANCER
119,HUMAN PAPILLOMA VIRUS (HPV)
163,MYASTHENIA GRAVIS
607,HIP FRACTURE
152,MAJOR DEPRESSIVE DISORDER
13,ALLERGIES RESPITATORY
646,INFLAMMATORY BOWEL DISEASE
46,CHRONIC MYELOID LEUKEMIA
672,PIGMENTED VILLONODULAR SYNOVITIS OR GIANT CELL TUMOR OF THE TENDON SHEATH
816,HYPOPARATHYROIDISM
892,SMALL LYMPHOCYTIC LYMPHOMA
716,THORACIC SURGERY
840,RENAL IMPAIRMENT
38,CELIAC DISEASE
469,BONE FRACTURES
967,MUSCLE-INVASIVE BLADDER CANCER
1132,NEUROTROPHIC KERATITIS
920,HEMOLYTIC DISEASE
413,VASOVAGAL SYNCOPE
1221,DENGUE
988,DIABETIC KIDNEY DISEASE
1196,NOONAN SYNDROME
1019,TREATMENT RESISTANT DEPRESSION
1076,MITOCHONDRIAL DISORDERS
904,IGA NEPHROPATHY
285,COGNITIVE IMPAIRMENT
790,LATENT TUBERCULOSIS (TB) INFECTION
843,CHRONIC SPONTANEOUS URTICARIA (CSU)
332,RHABDOMYOSARCOMA
145,LOW BONE MINERAL DENSITY
891,MITOCHONDRIAL MYOPATHY
509,ANAPLASTIC LYMPHOMA KINASE-POSITIVE ADVANCED NON-SMALL CELL LUNG CANCER
525,SHOULDER SURGERY
1212,TETANUS
774,MUSCULAR DYSTROPHY
699,SPINAL CORD INJURY
385,NEURODEGENERATIVE DISEASES
305,DELIRIUM
272,ANGINA PECTORIS
389,SUBARACHNOID HEMORRHAGE
555,PITUIARY TUMOR
560,MELANOMA NEGATIVE FOR BRAF
327,ANAPLASTIC LARGE-CELL LYMPHOMA
448,RAGWEED ALLERGY
295,PRIMARY HYPERLIPIDEMIA
493,CHYLOMICRONEMIA
313,BEHAVIORAL VARIANT FRONTOTEMPORAL DEMENTIA (BVFTD)
569,HYSTERECTOMY ASSOCIATED PAIN
536,INFRAINGUINAL PERCUTANEOUS TRANSLUMINAL ANGIOPLASTY
629,THYROID SCAN INDICATION
582,EBOLA VIRUS INFECTION
107,HEPATITIS C VIRUS GENOTYPE 2 OR 3
508,HYPERTROPHIC CARDIOMYOPATHY
