manufacturer_id,manufacturer_name
4708,0 DUMMY COMPANY
4742,ACTELION PHARMACEUTICALS CANADA INC
3586,ROYAL VICTORIA HOSPITAL
1544,ST JOSEPHS HOSPITAL HAMILTON
3155,CHIESI FARMACEUTICI S.P.A.
3826,TORONTO WESTERN HOSPITAL
8826,SHIRE PHARMA CANADA ULC
9633,BIOVERATIV THERAPEUTICS INC
9634,GILBERT BLAISE INC
10472,PACIFIC PEDIATRIC NEURO-ONCOLOGY CONSORTIUM
7973,LABORATOIRES THEA
8006,SORICIMED BIOPHARMA INC.
8845,CHILD & FAMILY RESEARCH INSTITUTE
9724,PHARMA TWO B LTD
9729,APPILI THERAPEUTICS INC
2560,HOPE PHARMACEUTICALS
10416,GRANT PAGDIN
10417,DR NATASHA LEIGHL
10627,DR BENICIO FREY
8074,RESEARCH INSTITUTE OF THE MCGILL UNIVERSITY HEALTH CENTRE
11698,GUARD THERAPEUTICS INTERNATIONAL AB
10111,"PELLEPHARM, INC"
10123,CRITERIUM INC
10134,BASILEA PHARMACEUTICA INTERNATIONAL LTD
10136,ALECTOR INC
10148,LEVO THERAPEUTICS INC
8514,LONDON SCHOOL OF HYGIENE AND TROPICAL MEDICINE
8520,DR JEFFREY MEYER
9285,"SPYRYX BIOSCIENCES, INC"
9293,"ARROWHEAD PHARMACEUTICALS, INC."
9302,ESTETRA SPRL
9304,RTOG FOUNDATION
9315,SPARK THERAPEUTICS INC
9337,CIUSSS DU NORD-DE-L'ILE-DE-MONTRÉAL - HÔPITAL DU SACRÉ-COEUR DE MONTRÉAL.
10181,GOGIUNTA
7672,CHIMERIX INC
7679,SUNNYBROOK RESEARCH INSTITUTE
8578,DR ASIM CHEEMA
9374,LYCERA CORP
9377,GALERA THERAPEUTICS INC
10215,GALAPAGOS NV
10248,CENTRE INTÉGRÉ UNIVERSITAIRE DE SANTÉ ET DE SERVICES SOCIAUX DE L'EST-DE-L'ILE-D
7758,SHIONOGI INC
8606,SCICLONE PHARMACEUTICALS INC
8608,DR HAIM ARIE ABENHAIM
8646,CIVITAS THERAPEUTICS INC
9401,DERMAVANT SCIENCES LTD
9406,DR. EVELYNE D. TROTTIER
9408,DR MARIE BUSSIERES
10284,"RADIUS PHARMACEUTICALS, INC"
10298,"SCHOLAR ROCK, INC"
10307,AURORA CANNABIS ENTERPRISES INC
10310,"UNIVERSITY OF BRITISH COLUMBIA, SCHOOL OF HEALTH AND EXERCISE SCIENCE"
10327,"NAUREX, INC"
10328,"VEDANTA BIOSCIENCES, INC"
7766,JUBILANT HOLLISTERSTIER LLC
8656,INTERNATIONAL CENTER FOR HEALTH OUTCOMES AND INNOVATION RESEARCH
9447,REILEY PHARMACEUTICALS INC
9484,ARTHOGEN B.V
9499,"ROYAL JUBILEE HOSPITAL, VANCOUVER ISLAND HEALTH AUTHORITY"
10350,AFYX THERAPEUTICS A/S
10373,BRITISH COLUMBIA CENTRE ON SUBSTANCE USE
10393,SYNLOGIC OPERATING COMPANY INC.
7818,ACADIA PHARMACEUTICALS INC
7850,IRONSHORE PHARMACEUTICALS & DEVELOPMENT INC
9519,DR DENNIS JENSEN
9557,IMMUNOCORE LTD.
8761,ALIOS BIOPHARMA
9571,DR ALICE WEI
9595,NS PHARMA INC
9606,DEBIOPHARM INTERNATIONAL SA
10661,UNITY HEALTH TORONTO
10056,CALLIDITAS THERAPEUTICS AB
10098,ISOFOL MEDICAL AB
12063,"AVM BIOTECHNOLOGY, LLC"
12025,BRIACELL THERAPEUTICS CORP.
12255,ABCURO INC
12745,"SUN PHARMACEUTICAL INDUSTRIES, INC."
12833,"HARMONY BIOSCIENCES MANAGEMENT, INC."
12617,DR. SARA KURUVILLA
12068,NMD PHARMA A/S
11984,"RAYZEBIO, INC."
9736,AKCEA THERAPEUTICS INC
9744,AB2 BIO LTD
9745,DR JONATHAN GAMBLE
8105,DR. SARAH A MORROW
8912,DR. JAMES KIM
9770,FUSION PHARMACEUTICALS INC.
9771,CLEMENTIA PHARMACEUTICALS INC.
9778,THERIAC BIOMEDICAL INC
9798,"ARCUTIS, INC"
10554,"ARCUTIS BIOTHERAPEUTICS, INC"
8159,ST. BONIFACE HOSPITAL
8180,PRAIRIE PLANT SYSTEMS INC
8201,DR JIM CHRISTENSON
8947,CALADRIUS BIOSCIENCES
8981,"INTERHEALTH NUTRACEUTICALS, INC."
8986,SILLAJEN INCORPORATED
9834,"TAIHO PHARMA CANADA, INC."
9877,STEALTH BIOTHERAPEUTICS INC
10728,ONCOVIR
10827,CANADIAN MYELOMA RESEARCH GROUP
8236,OCTAPHARMA AG
8254,ARAGON PHARMACEUTICALS
9033,ATLANTIC PHARMACEUTICALS LTD
9923,DR. JONATHAN TROY GRENNAN
9926,BLUEPRINT MEDICINES CORPORATION
7463,CENTRE FOR PROBE DEVELOPMENT AND COMMERCIALIZATION
8328,"AASTROM BIOSCIENCES, INC."
8329,VIACYTE INC
9045,ALEXION PHARMA GMBH
9081,PHOENICIA BIOSCIENCES INC.
9082,ARBUTUS BIOPHARMA CORPORATION
9954,MOLECULAR TEMPLATES
9961,FIRST STRING RESEARCH INC
9962,"AVEXIS, INC"
9976,"ODONATE THERAPEUTICS, INC"
9125,IONIS PHARMACEUTICALS INC
8388,CONCORDIA UNIVERSITY
9163,DR JEAN-PIERRE ROUTY
9200,CELGENE INTERNATIONAL II SARL (CIS II)
9202,DR. LAKSHMI YATHAM
10015,"ADVANCED ACCELERATOR APPLICATIONS USA, INC."
10021,PROVIDENCE THERAPEUTICS INC
10024,UNIVERSITY MEDICAL CENTER UTRECHT
9226,NIGHTSTARX LTD
9238,PROTEOSTASIS THERAPEUTICS INC
9252,PARION SCIENCES INCORPORATED
9265,CENTRE INTEGRE UNIVERSITAIRE DE SANTE ET DE SERVICES SOCIAUX DE L'ESTRIE
11519,"EPYGENIX THERAPEUTICS, INC."
11503,"CARTESIAN THERAPEUTICS, INC."
11504,KALVISTA PHARMACEUTICALS LTD.
11427,GOVERNORS OF THE UNIVERSITY OF CALGARY
11345,"ARAVIVE, INC."
10572,CANADIAN MEDICAL AND SURGICAL KNOWLEDGE TRANSLATION RESEARCH GROUP
11406,"AXCELLA HEALTH, INC"
11407,OPTHEA LIMITED
10990,AM-PHARMA B.V.
11301,PRECIRIX NV
11302,PACYLEX PHARMACEUTICALS INC.
10605,"GENMAB US, INC"
11499,LIB THERAPEUTIC LLC
11092,BASIC PHARMA TECHNOLOGIES BV
6777,RAFAEL PHARMACEUTICALS INC
7125,ALBERTA HEALTH SERVICES
7009,AMAG PHARMACEUTICALS INC
7282,BLOORVIEW RESEARCH INSTITUTE
11090,SANOTIZE RESEARCH & DEVELOPMENT CORP.
10857,LG CHEM LTD
10546,CARDIOL THERAPEUTICS INC
11199,ORGANON CANADA INC.
11693,"GB005, INC."
11555,GRIGORY KARIM. DR. G KARMY MEDICINE PROFESSIONAL CORPORATION
11631,"PALLADIO BIOSCIENCES, INC."
10433,DR.COURTNEY CASSERLY
11742,HALUCENEX LIFE SCIENCES INC
10496,SANGAMO THERAPEUTICS
11564,"KRONOS BIO, INC."
11795,"E. MARC JOLICOEUR, MD"
11225,DR MICHAEL TSOUKAS
11141,BIONTECH SE
5324,MEDIPROBE RESEARCH INC
4361,UNIVERSITY HEALTH NETWORK
5002,ST JOSEPHS HEALTHCARE
5077,INSTITUTO GRIFOLS S.A.
5668,PHARMING TECHNOLOGIES BV
6042,BRIGHAM AND WOMENS HOSPITAL
6120,MOLECULAR  INSIGHT  PHARMACEUTICALS INC
5601,GLENMARK PHARMACEUTICALS LTD
5967,NUVO RESEARCH INC
6170,MEDICINOVA INC
3391,CENTRE HOSPITALIER UNIVERSITAIRE DE QUEBEC
1568,KINGSTON GENERAL HOSPITAL
568,HOSPITAL FOR SICK CHILDREN
1401,BAYER AG
1403,JEWISH GENERAL HOSPITAL
1118,ST JOSEPHS HEALTH CENTRE LONDON
2320,MONTREAL HEART INSTITUTE
2587,NEUROCRINE BIOSCIENCES INC
12120,DALCOR PHARMACEUTICALS CANADA INC.
12228,"MITSUBISHI TANABE PHARMA AMERICA, INC."
11816,"ALLAY THERAPEUTICS, INC"
11955,"ARO BIOTHERAPEUTICS, INC."
12057,"CELCUITY, INC"
13090,CANCER CARE PROVINCIAL HEALTH CORPORATION
11881,DR. FALK PHARMA GMBH
12287,"ALTRUBIO, INC"
12909,DOUGLAS FRASER
12195,"VERVE THERAPEUTICS, INC., A WHOLLY OWNED SUBSIDIARY OF ELI LILLY AND COMPANY"
12582,"4D MOLECULAR THERAPEUTICS, INC."
13111,DR. YULIYA KNYAHNYTSKA
12086,"SICHUAN KELUN-BIOTECH BIOPHARMACEUTICAL CO., LTD"
12476,"EIKON THERAPEUTICS, INC."
12983,"IMMATICS US, INC."
12215,BIOHAVEN THERAPEUTICS LTD
12678,LUNDQUIST INSTITUTE FOR BIOMEDICAL INNOVATION AT HARBOR-UCLA MEDICAL CENTER
12679,CHUGAI PHARMA USA INC.
12720,"NGM BIOPHARMACEUTICALS, INC."
11938,INVENTPRISE INC.
12444,GATHERING RESILIENCE GROUPS INCORPORATED
12015,ALLOGENE THERAPEUTICS INC
12458,"APOLLO THERAPEUTICS, LIMITED"
12748,TYRA BIOSCIENCES INC.
981,NOVO NORDISK CANADA INC
2031,LUNDBECK CANADA INC
11820,"CARDURION PHARMACEUTICALS, INC"
12311,35PHARMA INC.
12561,UNIVERSITY OF FLORIDA
12795,"ACLARIS THERAPEUTICS, INC."
11852,"CELECOR THERAPEUTICS, INC."
13006,"KYMERA THERAPEUTICS, INC."
12343,KINGSTON GENERAL HEALTH RESEARCH INSTITUTE
12345,KANYOS BIO INC. (A WHOLLY OWNED SUBSIDIARY OF ANOKION S.A.)
12995,ZYDUS THERAPEUTICS INC.
11962,DR. MONA LOUTFY
12974,"FORTVITA BIOLOGICS (USA), INC."
12003,WASHINGTON UNIVERSITY IN ST. LOUIS
12149,IKSUDA THERAPEUTICS LIMITED
12728,SYNNOVATION THERAPEUTICS
12918,ORGANON LLC
11895,INMUNE BIO INC.
12118,"VEGA THERAPEUTICS, INC"
13001,BC CANCER
12253,"SUMITOMO PHARMA AMERICA, INC"
12443,GOVERNORS OF THE UNIVERSITY OF CALGARY/DR. BIJOY MENON
12736,TUBULIS GMBH
12019,NEUROSENSE THERAPEUTICS
12186,"LISATA THERAPEUTICS, INC."
12462,"DR. DI (MARIA) JIANG, UNIVERSITY HEALTH NETWORK"
12771,"LONGBOARD PHARMACEUTICALS, INC."
12338,"HUMAN IMMUNOLOGY BIOSCIENCES, INC. (HI-BIO)"
13066,GLAUKOS CORPORATION
12372,"MURAL ONCOLOGY, INC"
12398,"MORPHIC THERAPEUTIC, INC."
12757,BRUYÈRE HEALTH RESEARCH INSTITUTE
13027,DR. MARK BASIK
13055,SPUR THERAPEUTICS LIMITED
12883,"IMMUNITYBIO, INC."
12405,NICHOLAS JAMES AINSWORTH
12920,MERZ THERAPEUTICS GMBH
12023,NOVA MENTIS LIFE SCIENCE CORP
12483,"DIANTHUS THERAPEUTICS, INC"
4091,GLAXOSMITHKLINE INC
4529,IRCM  INSTITUT DE RECHERCHES CLINIQUES DE MONTREAL
4264,ONO PHARMACEUTICAL CO LTD
5159,ONTARIO CLINICAL ONCOLOGY GROUP
2882,OCTAPHARMA PHARMAZEUTIKA PRODUKTIONSGES M B H
3772,CHX TECHNOLOGIES INC
3507,PROGENICS PHARMACEUTICALS INC
3942,BIOGEN CANADA INC
9631,SHIRE-NPS PHARMACEUTICALS INC.
9632,IPSEN BIOPHARMACEUTICALS CANADA INC
9652,THUNDER BAY REGIONAL HEALTH RESEARCH INSTITUTE
8012,SOLAEROMED INC
8843,VBI VACCINES
9701,"BIRD ROCK BIO, INC"
10418,"IMAGINAB, INC."
8856,ICAHN SCHOOL OF MEDICINE AT MOUNT SINAI
11204,CANADIAN CANCER TRIALS GROUP
7617,CLOVIS ONCOLOGY INC
7644,VALEANT CANADA LP VALEANT CANADA S.E.C.
8493,ORTHOPAEDIC INNOVATION CENTRE
8507,DR. ANDRIY V. SAMOKHVALOV
8521,"ETHICON, A JOHNSON & JOHNSON COMPANY"
9307,PPM SERVICES S.A.
9312,ADAPTIMMUNE LLC
10161,MEI PHARMA INC
8545,"KARYOPHARM THERAPEUTICS, INC."
8548,ANTIBE THERAPEUTICS INC
8558,EUROPEAN CARDIOVASCULAR RESEARCH INSTITUTE
9384,DR VERINDER SHARMA
9386,PHARNEXT
10212,PRINCIPIA BIOPHARMA INC
10230,PROQR THERAPEUTICS IV BV
10232,DR. JOHN LENEHAN
10244,THERAVANCE BIOPHARMA IRELAND LIMITED
10250,RAIN THERAPEUTICS INC
8614,DR YOO-JOUNG KO
9426,CLINIQUE NEURO-OUTAOUAIS
9428,LYRIC PHARMACEUTICALS  INC
10288,CANFITE BIOPHARMA LIMITED
10331,MADRIGAL PHARMACEUTICALS INC
10342,JOHAN VAN LIMBERGEN
7778,THRASOS INNOVATION INC
8686,"FUJIFILM KYOWA KIRIN BIOLOGICS CO, LTD"
9495,GLOBAL BLOOD THERAPEUTICS INC
9503,IXALTIS
10360,ORCA THERAPEUTICS B.V.
10369,FULCRUM THERAPEUTICS
10383,MEMORIAL UNIVERSITY
10384,UPTRU INC.
10410,"QED THERAPEUTICS, INC."
7824,DR DENIS O'DONNELL
7845,DR RICHARD BRULL
8697,BIOBLAST PHARMA LTD
8740,POLYNOMA LLC
9556,PRINCESS MARGARET PHASE I CONSORTIUM
10485,"BAUSCH HEALTH AMERICAS, INC."
10557,SALSPERA LLP
8748,MERZ PHARMA CANADA LTD
8755,CTI BIOPHARMA CORP
8758,DR. EBERHARD RENNER
8763,NSABP FOUNDATION INC
8789,"THERAPEUTICSMD, INC"
9566,LAURENT PHARMACEUTICALS
9607,MYELOMA CANADA RESEARCH NETWORK
9618,DR BEVERLY CATHARINE CRAVEN
10921,GENOVA INC.
7910,GRIFOLS THERAPEUTICS INC
10052,ESCALIER BIOSCIENCES B.V.
10069,"MYCOVIA PHARMACEUTICALS, INC."
10093,INSYS DEVELOPMENT COMPANY INC
12249,ONCOVERITY INC
12438,"INTELLIA THERAPEUTICS, INC."
12817,GLOBAL ALZHEIMER'S PLATFORM FOUNDATION
12898,"DISC MEDICINE, INC."
12823,HYLORIS DEVELOPMENTS SA
13048,"ELION THERAPEUTICS, INC."
12224,TRIO FERTILITY INC
12422,PSYCHEDELIC RESEARCH CONSULTANTS INC.
12471,ARAMIS BIOTECHNOLOGIES
12243,"AKERO THERAPEUTICS, INC"
12507,DR SARAH HALES
9733,UNIVERSITY OF NEW BRUNSWICK
10631,MUNDIPHARMA RESEARCH LIMITED
10646,X4 PHARMACEUTICALS INCORPORATED
8144,ABBVIE CORPORATION
8907,TENSHA THERAPEUTICS INC
9774,NORTHERN BIOLOGICS
9775,IDORSIA PHARMACEUTICALS LTD
9803,BIOVERATIV USA INC
8197,STANDARD PROCESS INC
8957,TOCAGEN INC
8991,"BC CANCER, PART OF THE PROVINCIAL HEALTH SERVICES AUTHORITY - VANCOUVER CENTER"
9838,UROGEN PHARMA LTD
9844,ZAMBON SPA
9845,CORBUS PHARMACEUTICALS INC
9851,DR. LOUIS-PHILIPPE BOULET
9855,DR STEPHANIE LHEUREUX
9873,TIGENIX S.A.U.
9876,ONCOSEC MEDICAL INCORPORATED
10669,DR ANTHONY V D'AMICO
10689,DR. JOSHUA D. ROSENBLAT
10748,ANAVEX CANADA LTD.
10762,ASSISTANCE PUBLIQUE - HÔPITAUX DE PARIS
8232,CENTRE DE RECHERCHE DU CHU DE QUEBEC
7270,TAKEDA CANADA INC
9918,ALLENA PHARMACEUTICALS INC
9935,CONSTELLATION PHARMACEUTICALS INC.
8297,OTTAWA HEART INSTITUTE RESEARCH CORPORATION
8299,"AUSPEX PHARMACEUTICALS, INCORPORATED"
9051,DECIPHERA PHARMACEUTICALS. LLC
9096,PHARMACYCLICS LLC
9138,ESPERAS PHARMA INC
7559,DR GARY ANDOLFATTO
8392,DR ELIZABETH FINGER
8410,GENKYOTEX INNOVATION SAS
8416,NOVARTIS VACCINE AND DIAGNOSTICS AG
9142,IPSEN BIOPHARMACEUTICALS INC
9148,"HALOZYME, INC"
9164,DR. ERIC S. TAM
9176,THROMBOGENICS NV
9196,ABBVIE INC
9201,HORIZON PHARMA IRELAND LTD
9207,GEMPHIRE THERAPEUTICS INC
9210,PAION UK LIMITED
10013,DR PRADEEPA YOGANATHAN
10031,SUSTAINED THERAPEUTICS INC
10033,DR. DAVID SHADE
10035,OXTHERA INTELLECTUAL PROPERTY AB
10047,DR. RODRIGO B. MANSUR
7579,GERON CORPORATION
8460,CRUCELL HOLLAND B.V.
9219,"EIGER BIOPHARMACEUTICALS, INC"
9239,PROMETIC PHARMA SMT LTD
9242,GENFIT
9267,KYOWA KIRIN PHARMACEUTICAL DEVELOPMENT INC
10977,DR. HAL SIDEN
10979,"ARCUS BIOSCIENCES, INC."
10981,"ALTIMMUNE, INC."
11297,"CHINOOK THERAPEUTICS U.S., INC."
11785,"ALLOVIR, INC"
11593,DR. DAVID N. GINTHER
10617,C17 COUNCIL
10619,"IVERIC BIO, INC."
11765,"SPRINGWORKS THERAPEUTICS, INC."
10532,1GLOBE HEALTH INSTITUTE
10573,"OCELLARIS PHARMA, INC."
10924,UPTOWN EYE SPECIALISTS
6815,COSMO TECHNOLOGIES LTD
6796,INTERCEPT PHARMACEUTICALS INC
6763,GILEAD SCIENCES CANADA INC
6993,"REVANCE THERAPEUTICS, INC."
7026,NEKTAR THERAPEUTICS
7096,NCIC CLINICAL TRIALS GROUP QUEENS UNIVERSITY
7357,ARADIGM CORPORATION
7283,AVEO PHARMACEUTICALS INC
10966,REPARE THERAPEUTICS
10660,BICARA THERAPEUTICS
11426,"VIFOR PHARMA, INC."
11672,ENDEAVOR BIOMEDICINES
10937,"PASSAGE BIO, INC."
10446,"ALBERTA HEALTH SERVICES, CROSS CANCER INSTITUTE"
10640,APOLLOMICS INC.
11538,SUVEN LIFE SCIENCES LIMITED
10411,RESTORBIO INC
10973,DR. MARK VINCENT
10505,SUTRO BIOPHARMA
10918,"ANELIXIS THERAPEUTICS, INC"
10976,VERONA PHARMA PLC
11568,F2G LTD.
11764,PETER MERKEL
10701,ALGERNON PHARMACEUTICALS INCORPORATED
11655,"MAPLIGHT THERAPEUTICS, INC."
11659,"VIRIDIAN THERAPEUTICS, INC."
11675,"FARADAY PHARMACEUTICALS, INC."
11790,"NUVALENT, INC."
11143,"EQUILLIUM, INC."
11286,UNIVERSITY OF HEIDELBERG
6412,SPECTRUM PHARMACEUTICALS INC
6418,TOLMAR INC
6716,ARIAD PHARMACEUTICALS INC
5506,DERMA SCIENCES CANADA INC.
4794,GOVERNORS OF THE UNIVERSITY OF ALBERTA
5310,LEK PHARMACEUTICALS D D
5095,PROMETIC BIOSCIENCES INC
5120,"PHARMA MAR, S.A."
5727,VARIATION BIOTECHNOLOGIES INC
5751,TRANSLATIONAL ONCOLOGY RESEARCH INTERNATIONAL TORI INC
6321,BIOCRYST PHARMACEUTICALS INC
6272,CHEMOCENTRYX INC
6215,NONO INC
6419,NATIONAL SURGICAL ADJUVANT BREAST AND BOWEL PROJECT FOUNDATION INC
6277,DOW PHARMACEUTICAL SCIENCES INC
6454,COLUMBIA UNIVERSITY
158,AMGEN CANADA INC
598,DUCHESNAY INC
751,REGENERON PHARMACEUTICALS INC
1397,AMGEN INC
991,ROYAL UNIVERSITY HOSPITAL
1067,TOM BAKER CANCER CENTRE
11990,"IMUNON, INC."
12176,"TELAVANT, INC."
12310,"TOURMALINE BIO, INC."
12532,"LIGACHEM BIOSCIENCES, INC."
11860,ASCENTAGE PHARMA GROUP INC.
12106,PHOILEX LTD.
11865,GAURAV GUPTA
12697,"ATAI THERAPEUTICS, INC."
13083,WEILL MEDICAL COLLEGE OF CORNELL UNIVERSITY
12197,"ABBISKO THERAPEUTICS CO., LTD"
12280,ALENTIS THERAPEUTICS AG
12469,"ARTHEX BIOTECH, S.L."
12952,"LARIMAR THERAPEUTICS, INC."
11939,"PRIOVANT THERAPEUTICS, INC"
12431,"NEUMORA THERAPEUTICS, INC. (NEUMORA)"
12031,CELL TECHNOLOGIES INC.
13043,CATALYM GMBH
13122,SYMBIO PHARMACEUTICALS LTD
12609,VICORE PHARMA AB
12747,"CAPSIDA BIOTHERAPEUTICS, INC."
12521,EMPOWER RESEARCH INC.
12634,"ARTIVA BIOTHERAPEUTICS, INC"
12671,LABORATOIRES THÉA
12851,"ONL THERAPEUTICS, INC."
12100,"CALIWAY BIOPHARMACEUTICALS CO., LTD."
11893,BOEHRINGER INGELHEIM PHARMA GMBH & CO. KG
12002,OPELLA HEALTHCARE GROUP SAS
12203,DR. RAJEEV MUNI
12319,"APNIMED, INC"
12528,RGENTA THERAPEUTICS INC.
12048,FILAMENT HEALTH CORP.
12651,DR. SUBODH VERMA
12981,NEUREN PHARMACEUTICALS LTD.
12427,DR. STEPHEN LOWNIE
12958,ALIXER NEXGEN THERAPEUTICS LTD
4580,ALBERTA CHILDRENS HOSPITAL
5215,PROMETHEUS LABORATORIES INCORPORATED USA
5227,DOW PHARMACEUTICAL SCIENCES
5290,S T A R T CLINIC FOR MOOD & ANXIETY DISORDERS
5385,DUKE CLINICAL RESEARCH INSTITUTE
3062,PRINCESS MARGARET HOSPITAL
3827,DYNAVAX TECHNOLOGIES CORPORATION
3867,BIOGEN INC
8820,DOMPÉ FARMACEUTICI S.P.A.
8832,DR MICHAEL SEY
9629,ANIKA THERAPEUTICS INC
9638,GENKYOTEX SA
9656,DR JULIE-ANN VAN KOUGHNETT
10513,"GALMED RESEARCH AND DEVELOPMENT, LTD."
7971,JANSSEN R&D IRELAND
7991,JANSSEN RESEARCH AND DEVELOPMENT LLC
8078,PEARL THERAPEUTICS INC
8857,LEADING BIOSCIENCES INC
11203,"CERIUM PHARMACEUTICALS, INC."
11623,PRAXIS PRECISION MEDICINE
10942,PRILENIA NEUROTHERAPEUTICS LTD.
11256,"KYOWA KIRIN, INC."
10112,"BIOHAVEN PHARMACEUTICALS, INC."
7649,DR SAMMY SLIWIN
8490,DR. CORINA VELEHORSCHI
8510,DR JONATHAN YOUNG
8512,LUMENA PHARMACEUTICALS INC
8519,DR SYLVIA STOCKLER
8531,SYNERGY PHARMACEUTICALS INC
9286,NITRIC SOLUTIONS INC
9288,DR SOHEL SOMANI
9295,NUBIYOTA
9299,OPKO BIOLOGICS LTD.
4824,ALLERGAN SALES LLC
9305,SEQIRUS UK LIMITED
10153,PETER MACCALLUM CANCER CENTRE
117,PFIZER CANADA INC
10155,PFIZER CANADA ULC
10178,"DOW PHARMACEUTICAL SCIENCES, A DIV OF VALEANT PHARMACEUTICALS NORTH AMERICA LLC"
7685,JDP THERAPEUTICS INC
8557,BARBARA ANN KARMANOS CANCER INSTITUTE
9382,CELTAXSYS INC
9385,MUNDIPHARM RESEARCH GMBH & CO. KG
8621,TRANSITION THERAPEUTICS IRELAND LIMITED
8631,"GENZYME, A SANOFI COMPANY"
9404,KITEPHARMA INC
9412,ABBVIE STEMCENTRX LLC
10297,"PROVENTION BIO, INC"
10312,SYROS PHARMACEUTICALS INC
10322,"MIRUM PHARMACEUTICALS, INC"
10329,STEMREGEN THERAPEUTICS INC0
7783,INSMED INC
8660,NORTHWEST BIOTHERAPEUTICS INC
8662,LOCEMIA SOLUTIONS ULC
9460,ASCENDIS PHARMA INC.
9465,ZIARCO PHARMA LTD
9469,"IRX THERAPEUTICS, INC"
10355,ALTAVANT SCIENCES GMBH
10366,SUMMIT (OXFORD) LIMITED
8708,NEWLINK GENETICS
8738,PAXVAX CORPORATION
9513,DR SOHAM REJ
9517,MEDITI PHARMA INC
9528,TURNING POINT THERAPEUTICS INC
7874,GREEN CROSS CORPORATION
7886,ASTEX PHARMACEUTICALS INC.
8759,VANCOUVER LASER & SKIN ARE CENTRE
8772,SIDERIS PHARMACEUTICALS INC
9583,"ACTINIUM PHARMACEUTICALS, INC"
9596,"VISTERRA, INC"
9603,"ATARA BIOTHERAPEUTICS, INC"
7940,DOUGLAS MENTAL HEALTH UNIVERSITY INSTITUTE
7954,THUNDER BAY REGIONAL RESEARCH INSTITUTE
7957,SPECTRACURE AB
9275,HISTOGENICS CORP
10048,MEREO BIOPHARMA 4 LTD
10097,OVID THERAPEUTICS INC
11826,HOUSTON METHODIST RESEARCH INSTITUTE
12801,"BETA BIONICS, INC."
12803,"BLACK DIAMOND THERAPEUTICS, INC."
13113,"DESIGN THERAPEUTICS, INC."
11945,SLING THERAPEUTICS INC
12592,THE GOVERNORS OF THE UNIVERSITY OF ALBERTA
12593,ZYUS LIFE SCIENCES INC.
12225,"TCR2 THERAPEUTICS, INC. (A SUBSIDIARY OF ADAPTIMMUNE THERAPEUTICS PLC)"
12421,ENGENE HOLDINGS
12749,PRELUDE THERAPEUTICS INCORPORATED
12763,16506607 CANADA INC
12782,CENTESSA PHARMACEUTICALS (UK) LIMITED
11884,JEROME STEVENS PHARMACEUTICALS INC.
12162,"ATOSSA THERAPEUTICS, INC."
12481,DR DAVID PALMA
13079,"PELAGE PHARMACEUTICALS, INC."
8896,EVOLUS INCORPORATED
9753,DR. CARL A. LASKIN
8127,ASAHI KASEI PHARMA AMERICA CORPORATION
8151,RECEPTOS INCORPORATED
8153,DR ROBERT F CASPER
8929,DR VIDUR SHYAM
9817,SIENNA BIOPHARMACEUTICALS INC
8172,IBSA INSTITUT BIOCHIMIQUE SA
8178,UNIVERSITY OF PENNSYLVANIA
8193,EVER NEURO PHARMA GMBH
8198,TAURX THERAPEUTICS LTD
8949,PROTHENA THERAPEUTICS LIMITED
8955,HAL ALLERGY BV
8967,OPTINA DIAGNOSTICS
8971,ACERUS PHARMACEUTICALS CORPORATION
8974,ACERTA PHARMA BV
8978,CHU DE QUÉBEC-UNIVERSITÉ LAVAL
9842,CHILDRENS HOSPITAL OF EASTERN ONTARIO RESEARCH INSTITUTE
9847,AMO PHARMA LTD
9869,CANOPY HEALTH INNOVATIONS INC
10536,NEURALY INC
8251,KEDRION S.P.A.
9015,NOVADAQ TECHNOLOGIES INC
9036,XBIOTECH USA INC
9040,VTV THERAPEUTICS LLC
9892,NOVADAQ TECHNOLOGIES ULC
9919,IDERA PHARMACEUTICALS INC
9922,UROVANT SCIENCES GMBH
9930,"R ADAMS COWLEY SHOCK TRAUMA CENTER, UNIVERSITY OF MARYLAND"
7460,EISAI LIMITED
8333,UNIVERSITY OF CHICAGO MEDICAL CENTER
9947,DR ARTUELA CAKU
9952,TREVI THERAPEUTICS INC
7492,QUARK PHARMACEUTICALS INC
7497,CANADIAN CENTER FOR VACCINOLOGY (CCFV)
8371,NEOMED INSTITUTE
9092,"HYBRIDYNE IMAGING TECHNOLOGIES, INC"
9140,SAULT AREA HOSPITAL
7570,SWEDISH ORPHAN BIOVITRUM AB (PUBL)
8404,DR MICHEL PRUDHOMME
9183,DR MICHAEL DOMANSKI
9206,ADVAXIS IMMUNOTHERAPIES
10010,UNIVERSITY OF CALGARY - ALBERTA CHILDRENS HOSPITAL
10026,KARTOS THERAPEUTICS INC
10044,DR. STEEVE PROVENCHER
9249,ONCOBIOLOGICS INC
9250,DR VINCENT CHAN
11670,INVENTVACC BIOLOGICS INC.
11590,ANJI PHARMA (US) LLC
11205,"VASOMUNE THERAPEUTICS, INC."
11706,PSILO SCIENTIFIC LTD.
11710,INVERSAGO PHARMA INC
12453,"SURROZEN OPERATING, INC."
12373,"NKGEN BIOTECH, INC."
13004,NEOMORPH INC.
12661,NEUROTRIALS LLC
12084,AVIDITY BIOSCIENCES
12320,"DR. GREGORY CHRISTOPHER KNAPP, QE II HEALTH SCIENCES CENTRE, NOVA SCOTIA HEALTH"
12527,PALISADE BIO
12595,"SOBI, INC"
12010,"ASTRIA THERAPEUTICS, INC."
12334,"ARETEIA THERAPEUTICS, INC"
12674,METSERA INC
12606,DR STEPHANE PELET
12713,INIMMUNE CORPORATION
12874,BIOSSIL INC.
12138,"ONCOC4, INC."
12286,RAPT THERAPEUTICS INC.
12566,KOKUA PHARMA INC.
13092,VARMX B.V.
12565,"MEDILINK THERAPEUTICS (SUZHOU) CO., LTD."
12688,IMMUTEP S.A.S.
12965,"THE UNIVERSITY OF EDINBURGH & LOTHIAN HEALTH BOARD, ACCORD"
12210,MEDTRACE PHARMA A/S
3703,MASSACHUSETTS GENERAL HOSPITAL
4599,CANCER CARE MANITOBA
4666,MERCK KGAA
4680,CENTRE HOSPITALIER DE L'UNIVERSITÉ DE MONTRÉAL
4404,MCGILL UNIVERSITY HEALTH CENTRE
4212,WATSON LABORATORIES INC
3601,ASTRAZENECA CANADA INC
8815,"HUNTER STROKE SERVICE, HUNTER NEW ENGLAND LOCAL HEALTH DISTRICT"
9627,THE ROYAL'S INSTITUTE OF MENTAL RESEARCH
9658,DERMAVANT SCIENCES GMBH
9662,DR CHRISTIAN SCHUTZ
10632,DR. ANA MIRIAM VELLY
8841,MIRATI THERAPEUTICS INCORPORATED
9705,ANTIBIOTX A/S
9710,NEOKERA LLC
8090,DR FRANCOIS CORBIN
10601,SERMONIX PHARMACEUTICALS INC.
10945,"KAKEN PHARMACEUTICAL CO., LTD."
10104,EDESA BIOTECH INC
10107,CLINIQUE OVO
10109,MURDOCH CHILDREN'S RESEARCH INSTITUTE
10129,TRICIDA INC
10132,"ZYNERBA PHARMACEUTICALS, INC"
10141,ARISTEA THERAPEUTICS INC
7618,EMD SERONO A DIVISION OF EMD INC CANADA
9279,VIIV HEALTHCARE UK LIMITED
9298,DR. MANUEL MONTERO-ODASSO
9333,CATALYST PHARMACEUTICALS INC
10173,AEVI GENOMIC MEDICINE INC
10192,MGB BIOPHARMA LIMITED
10195,"AMERICAN REGENT, INC"
7678,OTONOMY INC
8547,SIGNALCHEM LIFESCIENCES CORPORATION
9352,"CANADIAN IMMUNIZATION RESEARCH NETWORK (CIRN), DALHOUSIE UNIVERSITY"
9354,CARA THERAPEUTICS
9372,REVERAGEN BIOPHARMA INC
10228,"MAYNE PHARMA, LLC"
10266,"HERON THERAPEUTICS, INC."
9414,ARGENX BV
10309,RADIALIS INC
10321,RALEXAR THERAPEUTICS INC
8681,COHERUS BIOSCIENCES INC.
10376,CARSGEN THERAPEUTICS CORPORATION
10400,DR RICHARD MALTHANER
10402,GORDON SUSSMAN CLINICAL RESEARCH INC
8704,DR EVDOKIA ANAGNOSTOU
8705,MEZZION PHARMA CO. LTD.
8718,MYLAN PHARMA UK LTD
9511,EMERGENT BIOSOLUTIONS CANADA INC
9520,FLAMEL IRELAND LTD TRADING UNDER THE BUSINESS NAME AVADEL IRELAND
9549,ORBUS THERAPEUTICS INC
8752,DR. ALI IMRAN
8762,DR PAUL SANDOR
9621,CLEARSIDE BIOMEDICAL INC
10891,TIMI STUDY GROUP
7921,SALIX PHARMACEUTICALS INC
9276,INSIGHTEC
9278,CENTUS BIOTHERAPEUTICS LIMITED
10060,CENTRE DE RECHERCHE DU CENTRE HOSPITALIER UNIVERSITAIRE DE SHERBROOKE
10070,AL-S PHARMA
10101,GB001 INC
12102,ACTUATE THERAPEUTICS INC.
12103,"MARENGO THERAPEUTICS, INC."
12136,"ELLODI PHARMACEUTICALS, LP"
12193,"RELAY THERAPEUTICS, INC."
12599,OCUGEN
11874,SELLAS LIFE SCIENCES GROUP INC
12429,"CENTRE DE RECHERCHE CERVO, UNIVERSITÉ LAVAL"
12591,SYNOX THERAPEUTICS LTD
12842,MEDIAR THERAPEUTICS
12562,"DR. YVETTE DREW, BC CANCER AGENCY"
8897,ONCOETHIX GMBH
8900,AGIOS PHARMACEUTICALS INC
9735,BEIGENE LTD
9757,"MARIUS PHARMACEUTICALS, LLC"
9758,IPSEN BIOSCIENCE INC
8145,BIOTA SCIENTIFIC MANAGEMENT PTY LTD
8150,ALEXION PHARMA INTERNATIONAL SARL
8920,BAXALTA US INC
9792,DR. DAVID BARBIC
9824,"TUSKER MEDICAL, INC"
8951,CAPRICOR INC
8954,GE HEALTHCARE LTD  & AFFILIATES
8975,ALDEYRA THERAPEUTICS INC
8233,SUNOVION PHARMACEUTICALS INC
8238,LABORATOIRES NUTRITION ET CARDIOMÉTABOLISME
8263,UNIVERSITY OF OTTAWA INSTITUTE OF MENTAL HEALTH RESEARCH
9008,GW RESEARCH LIMITED
9022,MIRAGEN THERAPEUTICS INC
9025,"THERACOS SUB, LLC"
9028,NATIONAL INSTITUTES OF HEALTH
9891,ALBIREO AB
9900,RETROPHIN INC
9929,NERRE THERAPEUTICS LTD
9944,TORONTO WESTERN HOSPITAL - MOVEMENT DISORDERS CENTER
7516,JANSSEN INC
8286,SHIRE ORPHAN THERAPIES INC
8306,AB SCIENCE S.A.
9057,DR SERGE GOUIN
9966,EFFECTOR THERAPEUTICS INC
7505,IPSEN INNOVATION
8351,AXIKIN PHARMACEUTICALS INC
9087,DR. ANNE MARIE SBROCCHI
9091,AXOVANT SCIENCES LTD
9113,RHIZEN PHARMACEUTICALS SA
7566,FLEXION THERAPEUTICS INC
8397,RED MAPLE TRIALS INC
8415,OPHTHOTECH CORPORATION
8432,"THE REGENTS OF THE UNIVERSITY OF CALIFORNIA, SAN FRANCISCO"
9152,AKEBIA THERAPEUTICS INC
9159,UNIVERSITY OF LIVERPOOL
9987,"CLENE NANOMEDICINE, INC"
10016,Y-MABS THERAPEUTICS A/S
9271,BAYCREST ROTMAN RESEARCH INSTITUTE
11561,CAMURUS AB
11734,"ARVINAS ANDROGEN RECEPTOR, INC."
10766,VOR BIOPHARMA
11692,DEINOVE
11622,"HOMOLOGY MEDICINES, INC."
11274,"TARSUS PHARMACEUTICALS, INC"
11474,"EDITAS MEDICINE, INC."
10989,INSTITUTE FOR RESPIRATORY HEALTH INCORPORATED
11768,"CHILDREN'S HEALTHCARE OF ATLANTA, INC"
11395,SPRINGWORKS THERAPEUTICS
11445,UNITY BIOTECHNOLOGY
11669,VAXESS TECHNOLOGIES
6889,AEGERION PHARMACEUTICALS INC
6905,ACCELERON PHARMA INC
6817,CIRCASSIA LTD
6975,THE UNIVERSITY OF KANSAS MEDICAL CENTER
7215,MEDIVATION INC
7217,MEDICAGO INC
7012,SUMITOMO DAINIPPON PHARMA ONCOLOGY INC
7105,CENTRE HOSPITALIER UNIVERSITAIRE SAINTE-JUSTINE
6987,HAMILTON HEALTH SCIENCES CORPORATION
7310,ONYX THERAPEUTICS INC
7267,TRILLIUM THERAPEUTICS INC.
7272,ASTELLAS PHARMA GLOBAL DEVELOPMENT INC
7291,GLYCOMIMETICS INC
11448,"AMBRX, INC."
10900,ZUCARA THERAPEUTICS INC.
10932,ELEVATION ONCOLOGY INC.
11697,PHAROS PHARMACEUTICAL ORIENTED SERVICES SINGLE MEMBER LTD.
11744,"KYMAB LTD, A SANOFI COMPANY"
11572,IMMUNIC AG
11264,REZOLUTE INC.
11510,"FLAME BIOSCIENCES, INC."
11653,DR SOUVIK MITRA
11346,DR. SARA BELGA MONTEIRO PEREIRA
11740,NEWAMSTERDAM  PHARMA B.V.
10567,"DIVISION OF ALLERGY, IMMUNOLOGY, AND TRANSPLANTATION; NIAID NIH"
11565,"ASKLEPIOS BIOPHARMACEUTICAL, INC."
11725,"VERA THERAPEUTICS, INC"
11227,"ANTHOS THERAPEUTICS, INC."
11612,"ONCXERNA THERAPEUTICS, INC"
11182,SEAGEN INC.
6698,CYTRX CORPORATION
6513,ENDOCEUTICS INC
6536,INFINITY PHARMACEUTICALS INC
6554,CSL BEHRING GMBH
6855,BELLUS HEALTH INC
5072,UNIVERSITY OF OTTAWA INSTITUTE FOR MENTAL HEALTH RESEARCH
5131,ST JUDE CHILDRENS RESEARCH HOSPITAL
5921,INTARCIA THERAPEUTICS INC
4932,FOREST RESEARCH INSTITUTE
4946,BIOMARIN PHARMACEUTICAL INC
5847,SANOFI AVENTIS
5894,DALHOUSIE UNIVERSITY
5947,MCMASTER UNIVERSITY MEDICAL CENTRE
6552,TRANSGENE SA
3374,THERATECHNOLOGIES INC
3428,UNIVERSITY OF CALIFORNIA
53,FERRING INC
263,TILLOTTS PHARMA AG
2051,UNIVERSITY OF MANITOBA
12074,ZYMEWORKS BC INC.
13073,UNIVERSITY HEALTH NETWORK AJMERA TRANSPLANT CENTRE
11819,NEURIM PHARMACEUTICALS (1991) LTD
12052,ZENAS BIOPHARMA (USA) LLC
12304,"HOTSPOT THERAPEUTICS, INC"
12653,ICOSAVAX INC. (ICOSAVAX) (A MEMBER OF THE ASTRAZENECA GROUP OF COMPANIES)
12976,"TRIVENI BIO, INC."
13155,AZIENDA SOCIO SANITARIA TERRITORIALE GRANDE OSPEDALE METROPOLITANO NIGUARDA
11921,"PANAFINA, INC."
12022,FREELINE THERAPEUTICS LIMITED
13084,"NAVIGATOR MEDICINES, INC."
12212,UNIVERSITY OF UTAH
11841,DR PIERRE DUQUETTE
12268,VERGE GENOMICS
12355,"LANTERN PHARMA, INC."
12356,DUALITYBIO INC
12730,"RECURSION PHARMACEUTICALS, INC."
12014,"AKESO BIOPHARMA CO., LTD"
11986,OHB NEONATOLOGY LTD
12947,DR. KARI TIKKINEN
12277,"POLARIS PHARMACEUTICALS, INC. (A SUBSIDIARY OF POLARIS GROUP)"
12744,GRACE THERAPEUTICS INC
13206,SANOFI VACCINES US INC
12971,THE MICHAEL J FOX FOUNDATION FOR PARKINSON'S RESEARCH
12080,MYLAN TECHNOLOGIES INC
12491,MEDYTOX INC.
13078,ENEAPHARM
12945,NOEMA PHARMA AG
13051,MICHAEL GARRON HOSPITAL
11823,MOFFITT CANCER CENTER
12315,"DAVID KING BSC. MD, FRCPC"
12739,DR SHANNON MARIO FERNANDO
12875,PROTEINQURE INC.
13013,"INHIBIKASE THERAPEUTICS, INC."
13161,DAR CLINICAL RESEARCH INC
11885,CLARIS BIOTHERAPEUTICS
12316,ENLIVEN THERAPEUTICS INC.
12301,SUMITOMO PHARMA SWITZERLAND GMBH
4228,STALLERGENES S.A.
4626,CENTRE HOSPITALIER UNIVERSITAIRE DE SHERBROOKE
4731,LABORATORIOS SALVAT S A
1545,VICAL INC
2932,NOVARTIS PHARMACEUTICALS CANADA INC
3545,LONDON HEALTH SCIENCES CENTRE
3989,AVANIR PHARMACEUTICALS
8806,ADURO BIOTECH INC
8813,TENAX THERAPEUTICS INC
9648,SINAI HEALTH SYSTEM
10649,"SCYNEXIS, INC."
8836,ESSA PHARMACEUTICALS CORP
8848,ALETHIA BIOTHERAPEUTICS INC
8849,VANCOUVER COASTAL HEALTH-COMMUNITY
9692,"MITSUBISHI TANABE PHARMACEUTICAL AMERICA, INC"
10635,QUANTUM GENOMICS
8059,DBV TECHNOLOGIES SA
11419,ÉCOLE D¿OPTOMÉTRIE DE MONTRÉAL
11393,MOOD AND ANXIETY DISORDERS INC
11567,PROVIDENCE THERAPEUTICS HOLDINGS INC
10105,MACANXIETY RESEARCH CENTRE
10143,"IOVANCE BIOTHERAPEUTICS, INC"
8498,DR. KAZUHIRO YASUFUKU
8501,DR SHANON HUMPHREY
8503,BAXTER INNOVATIONS GMBH
8515,ELEVEN BIOTHERAPEUTICS INC
9289,AFFERENT PHARMACEUTICALS INC
9321,"JOHNSON & JOHNSON CONSUMER INC., MCNEIL CONSUMER HEALTHCARE DIVISION"
9339,"CASCADIAN THERAPEUTICS, INC"
7693,MERRIMACK PHARMACEUTICALS
8539,SUCAMPO AG
8588,ALFRED HEALTH
9366,CENTRE D'EXCELLENCE EN THÉRAPIE CELLULAIRE - CIUSS DE L'EST-DE-L'ÎLE-DE-MONTRÉAL
10196,ACUCELA INC
10238,DR. GARTH MECKLER
10245,TRIPHASE RESEARCH AND DEVELOPMENT III CORP
7757,FRASER HEALTH AUTHORITY
8592,ISCHEMIX LLC
8597,DR. MARK HULL
8598,DR BLAYNE WELK
8635,"REPLICEL LIFE SCIENCES, INC"
9416,FORMA THERAPEUTICS INC
10270,PHARMACYCLICS SWITZERLAND GMBH
10336,NUCANA PLC
7801,ALVINE PHARMACEUTICALS INC
7808,CHIASMA INC
8652,BELLEROPHON PULSE TECHNOLOGIES LLC
8685,"PREMACURE AB, A MEMBER OF THE SHIRE GROUP OF COMPANIES"
8693,UNIVERSITY OF QUEENSLAND
9455,TRIUMVIRA IMMUNOLOGICS INC
9464,PROTAGONIST THERAPEUTICS INC
9467,DR ANDREW BAKER
9488,DAIICHI SANKYO EUROPE GMBH
9490,RA PHARMACEUTICALS INC
10377,DR BELINA CARRANZA MAMANE
8710,CORTENDO AB
8727,VANCOUVER ID RESEARCH & CARE CENTRE SOCIETY
8744,POPULATION HEALTH RESEARCH INSTITUTE
9523,BRICKELL BIOTECH INC
9553,AURINIA PHARMACEUTICALS INC
10428,"EIDOS THERAPEUTICS, INC."
10429,WWIKY BIOSCIENCES INC.
10585,"TREADWELL THERAPEUTICS, INC."
7887,UCB BIOSCIENCES INC
8767,NOVARTIS CONSUMER HEALTH INC.
8786,DR. JASON RIVERS
8801,BREPCO BIOPHARMA LIMITED
8804,UNIVERSITY OF MINNESOTA
10088,"APELLIS PHARMACEUTICALS, INC"
11825,DAY ONE BIOPHARMACEUTICALS INC
12274,IPSEN PHARMA SAS
12758,"ALDENA THERAPEUTICS (UK), LTD."
12765,"BLOSSOM HILL THERAPEUTICS, INC"
12834,ANGITIA INCORPORATED LIMITED
11959,"DYNE THERAPEUTICS, INC"
12061,ABRAHAM NUNES
12684,ALFASIGMA S.P.A
12816,ZURA BIO INC.
12818,EVOMMUNE INC
12137,"DICE THERAPEUTICS, INC."
12990,"ALLROCK BIO, INC."
11883,DR. BRADLEY GREENE
9760,NOVUS THERAPEUTICS INC
8129,ST. JOSEPH'S HEALTHCARE HAMILTON
8904,BIOGEN MA INCORPORATED
8919,NOVA SCOTIA HEALTH AUTHORITY
8004,BIOGEN IDEC MA INC
8937,VASCULAR BIOGENICS LTD
9784,MICROBARIC OXYGEN SYSTEMS LLC
9812,SAVARA INC.
8218,LEXICON PHARMACEUTICALS INC
8943,MEDIMMUNE LIMITED
8953,APTOSE BIOSCIENCES INC
8983,CUBIST PHARMACEUTICALS LLC
9878,"SURFACE ONCOLOGY, INC."
10844,MITSUBISHI TANABE PHARMA DEVELOPMENT AMERICA INC
9037,STEMLINE THERAPEUTICS INC
7459,MERCK SHARP & DOHME CORP
7467,IPSEN PHARMA
8326,ZS PHARMA INC
7500,TRB CHEMEDICA INTERNATIONAL SA
8383,DR. HASSAN RAZVI
9100,"DALCOR PHARMA UKLTD, SWISS BRANCH"
9111,DR JEAN-LUC ARDILOUZE
9980,NOVIMMUNE S.A.
9983,CORVIA MEDICAL INC
8391,FORWARD PHARMA GMBH
9166,CLEAVE BIOSCIENCES
9190,COCRYSTAL PHARMA INC
10018,MINNEAPOLIS MEDICAL RESEARCH FOUNDATION
7577,ABLYNX NV
7610,C17
8458,ROMARK LABORATORIES L.C.
9220,MALLINCKRODT ARD INC
9227,PROQR THERAPEUTICS
9258,WINDTREE THERAPEUTICS INC
9262,"VACCINE EVALUATION CENTER, UNIVERSITY OF BRITISH COLOMBIA"
9264,MAYO CLINIC CANCER CENTER
11491,89BIO INC.
11735,"GLENN BAUMAN, LAWSON HEALTH RESEARCH INSTITUTE"
10971,LAHEY HOSPITAL AND MEDICAL CENTER
10996,CYCLERION THERAPEUTICS INC
11587,SHAANXI MICOT TECHNOLOGY CO. LTD
11588,DR. RUDOLF UHER
11414,"SPRUCE BIOSCIENCE, INC."
6645,CELLDEX THERAPEUTICS INC
7205,FERRING PHARMACEUTICALS A S
6983,ENDOCYTE INC
7220,UCB CANADA INC
7368,AVID RADIOPHARMACEUTICALS INC
7377,TARIS BIOMEDICAL INC
7430,PHARMACOSMOS A/S
10985,VELOSBIO INC.
11452,PARTNER THERAPEUTICS
11321,"NOBIAS THERAPEUTICS, INC"
11745,PEGA-ONE S.A.S.
10916,"9 METERS BIOPHARMA, INC."
11453,DR. ROBERT THOMAS JAGOE
10992,BRISTOL-MYERS SQUIBB CANADA CO.
11265,PEDIATRIC TRANSPLANTATION AND CELLULAR THERAPY CONSORTIUM
10664,POINT BIOPHARMA
11497,"TREMEAU PHARMACEUTICALS, INC"
10658,"ONCORUS,  INC"
10824,AMACATHERA INC.
11002,ASTRAZENECA
11517,BIOVENTUS LLC
11760,CRISPR THERAPEUTICS AG
10615,BLUE ROCK THERAPEUTICS
11112,"PHARMAMATRIX HOLDING, LTD."
10812,SAINT LUKE'S HOSPITAL OF KANSAS CITY
11431,COMPASS PATHFINDER LIMITED
11435,SAGIMET BIOSCIENCES
11528,MEDICENNA THERAPEUTICS INC.
11179,ANNEXON BIOSCIENCES
11181,"SENHWA BIOSCIENCES, INC."
11145,DR. ALI ABDALVAND
10607,DR. DARREN R. CHRISTENSEN
6606,WASHINGTON UNIVERSITY SCHOOL OF MEDICINE
6601,CEMPRA PHARMACEUTICALS INC
5496,GRIFOLS BIOLOGICALS INC
5009,AMERICAN COLLEGE OF RADIOLOGY RADIATION THERAPY ONCOLOGY GROUP
5021,UNIVERSITY OF ROCHESTER
5116,ALKERMES INC
4899,MEMORIAL UNIVERSITY OF NEWFOUNDLAND
5783,ST JOSEPHS HEALTH CARE PARKWOOD SITE
5557,EXELIXIS INC
6244,MACROGENICS INC
5571,CANADIAN UROLOGICAL ONCOLOGY GROUP
5950,SANOFI PASTEUR INC
5991,ENANTA PHARMACEUTICALS INC
6291,SUNNYBROOK HEALTH SCIENCES CENTRE
5964,BRITISH COLUMBIA CHILDRENS HOSPITAL
1805,UNIVERSITY OF ALBERTA
1511,WOMENS COLLEGE HOSPITAL
775,IMMUNOMEDICS INC
793,GENENTECH INC
1392,CHUGAI PHARMACEUTICAL CO LTD
10588,SQZ BIOTECHNOLOGIES
10727,"BEYOND AIR, INC."
10745,DR JONATHAN BEAUDOIN
10783,GB002 INC.
8273,ACCORD HEALTHCARE LTD
9009,"CUTANEA LIFE SCIENCES, INC"
9908,INFLARX GMBH
773,"BC CANCER, PART OF THE PROVINCIAL HEALTH SERVICES AUTHORITY"
9945,UNIVERSITY OF MARYLAND
8284,ABBVIE BIOTHERAPEUTICS INC
8307,DR. VLADIMIR DZAVIK
9043,REGENXBIO  INC
9052,ITALFARMACO S.P.A.
7487,MONOSOL RX LLC
8352,BIOTEST AG
8372,EDGE THERAPEUTICS INC
8386,INSTITUTE OF COSMETIC & LASER SURGERY
9120,INTENSITY THERAPEUTICS
9136,CERENIS THERAPEUTICS SA
8390,CATABASIS PHARMACEUTICALS INC
8414,AMSRF RESEARCH INC
8419,REBIOTIX INC
8421,DR. PATRICK COUTURE
9178,"ONCONOVA THERAPEUTICS, INC"
9204,DIMENSION THERAPEUTICS
9993,ORPHAZYME A/S
10002,BC CHILDREN¿S HOSPITAL HEART CENTRE
10011,ASSEMBLY BIOSCIENCES INCORPORATED
8454,UNIVERSITY OF MINNESOTA MEDICAL SCHOOL
8482,AURIS MEDICAL INC
9259,ALLIANCE FOR CLINICAL TRIALS IN ONCOLOGY
11094,"CASSAVA SCIENCES, INC."
11714,INDIVIOR INC
11468,VIRACTA THERAPEUTICS INC.
11800,"INCARDA THERAPEUTICS, INC."
11458,NEOLEUKIN THERAPEUTICS INC.
6656,PROTALIX LTD
6670,NATIONAL MARROW DONOR PROGRAM
6956,BIOMARK TECHNOLOGIES INCORPORATED
5979,CUBIST PHARMACEUTICALS CANADA INC.
7054,INSTITUT UNIVERSITAIRE DE CARDIOLOGIE ET DE PNEUMOLOGIE DE QUEBEC
7263,OTTAWA HOSPITAL RESEARCH INSTITUTE
7360,QU BIOLOGICS INC
10855,DR. AHMAD HAIDAR
11316,VANCOUVER ISLAND HEALTH AUTHORITY
10636,AVADEL CNS PHARMACEUTICALS
10498,HORIZON THERAPEUTICS IRELAND DAC
11261,"RENIBUS THERAPEUTICS, INC."
11737,AICURIS ANTI-INFECTIVE CURES AG
11008,PROVIDENCE HEALTH CARE-SAINT PAUL'S HOSPITAL
11044,AEON BIOPHARMA INC.
11447,"DERMAVANT SCIENCES, INC"
10447,MEIRAGTX LLC
10547,Q-MED AB
11481,"COGENT BIOSCIENCES, INC."
11381,DR. RUBY GREWAL
11688,"IGM BIOSCIENCES, INC."
11017,PEDIATRIC CANCER IMMUNOTHERAPY TRIALS NETWORK
11476,"DR. ISLAM MOHAMED, BC CANCER- KELOWNA"
11741,"TREFOIL THERAPEUTICS, INC."
10568,TESSA THERAPEUTICS
11540,"IDEAYA BIOSCIENCES, INC."
11542,ALIMENTIV INC.
11620,"INSTIL BIO, INC."
10456,DR. SHAHID AHMED
10958,GALECTIN THERAPEUTICS INC
11285,ALX ONCOLOGY INC.
10460,BIOLINERX LTD
11489,"AEROGEN PHARMA, LTD."
6523,SANOFI AVENTIS GROUP
6559,OTSUKA PHARMACEUTICAL DEVELOPMENT & COMMERCIALIZATION INC
6711,UNIVERSITY OF NORTH CAROLINA
4784,CAPITAL DISTRICT HEALTH AUTHORITY
4816,INNOVADERM RESEARCH INC
5044,CATALYST PHARMACEUTICALS PARTNERS
5677,CANADIAN UROLOGY RESEARCH CONSORTIUM
5538,NORTHERN THERAPEUTICS INC.
6196,MERZ PHARMACEUTICALS GMBH
5946,SANOFI PASTEUR LIMITED
6045,UCB INC
6589,ONCOZYME PHARMA INC
5963,ARRAY BIOPHARMA INC
6033,LIPOCINE INC
6048,SANOFI-AVENTIS CANADA INC
3464,UNITED THERAPEUTICS CORPORATION
3199,ACORDA THERAPEUTICS INC
28,HOFFMANN-LA ROCHE LIMITED
32,BOEHRINGER INGELHEIM (CANADA) LTD LTEE
159,ALLERGAN INC
432,UNIVERSITY OF TORONTO
488,ELI LILLY CANADA INC
1253,MOUNT SINAI HOSPITAL
696,TORONTO GENERAL HOSPITAL
714,CENTRE HOSPITALIER DE LUNIVERSITÉ LAVAL
754,INSTITUT DE CARDIOLOGIE DE MTL
818,UNIVERSITY OF BRITISH COLUMBIA
1054,CHILDRENS HOSPITAL OF EASTERN ONTARIO
2505,BC CHILDRENS HOSPITAL
2546,DANA FARBER CANCER INSTITUTE
2588,NATIONAL INSTITUTE OF HEALTH
2460,BRITISH COLUMBIA WOMENS HOSPITAL
12229,"MONTE ROSA THERAPEUTICS, INC"
12348,"UPSTREAM BIO, INC."
11817,"HUYABIO INTERNATIONAL, LLC"
11835,PARADIGM BIOPHARMACEUTICALS (USA) INC.
13149,DR. VALÉRIE ZAPHIRATOS
12567,PHARMAPLANTER TECHNOLOGIES INC.
12693,NOVOCURE GMBH
11954,ALUMIS INC.
12879,Q32 BIO INC
12930,PARAGONCLINICALS INC
12021,ECOGENE-21
12580,"BIOAEGIS THERAPEUTICS, INC."
12500,DR. SERGIO PEREIRA
13032,CROSS CANCER INSTITUTE - CANCER CARE ALBERTA
12447,RYVU THERAPEUTICS S.A.
13034,DR. AMIN JAVER
13061,"PEDAL BLOOD CANCER UNITED, LLC"
12731,"DR. KEVIN H. M. KUO, UNIVERSITY HEALTH NETWORK"
12927,RATIO THERAPEUTICS INC.
11918,EUROPEAN MYELOMA NETWORK (EMN)
12932,"KARDIGAN, INC."
12770,DR. AZIZ QAZI
11903,"BIOMEA FUSION, INC."
12337,CPC CLINICAL RESEARCH
12549,"ROBARTS RESEARCH INSTITUTE, WESTERN UNIVERSITY"
12882,AURICULA BIOSCIENCES INC
13146,DR. MARSHA CAMPBELL-YEO
12922,"MIRADOR THERAPEUTICS, INC."
12368,"DR. MARC DE PERROT, UNIVERSITY HEALTH NETWORK"
12669,THE RESEARCH INSITITUTE OF ST. JOSEPH'S HAMILTON
12553,SCHRODINGER INC
12659,BANTAM PHARMACEUTICALS
12235,PHARMAAND GMBH
12871,BLUEROCK THERAPEUTICS CANADA ULC
12873,DR RYAN FLANNIGAN
12686,"PULMOVANT, INC."
12895,CARMOT THERAPEUTICS INC.
13074,"SATELLOS BIOSCIENCE, INC."
12091,ANN AND ROBERT H. LURIE CHILDREN'S HOSPITAL OF CHICAGO
12092,KAZM PHARMACEUTICALS
12335,DEFENCE THERAPEUTICS INC.
13138,"USWM CT, LLC"
12299,ERASCA INC
12477,"ASTELLAS GENE THERAPIES, INC."
12740,"INDAPTUS THERAPEUTICS, INC."
13139,"LYELL IMMUNOPHARMA, INC"
12792,THIRD ARC BIO
12353,AMERICAN COLLEGE OF RADIOLOGY
4506,HUMAN GENOME SCIENCES INC
4544,ALEXION PHARMACEUTICALS INC
4306,NEUROGENESIS INC
4407,TEVA PHARMACEUTICAL INDUSTRIES LTD
3936,MILLENNIUM PHARMACEUTICALS INC
4213,GLAXOSMITHKLINE CONSUMER HEALTHCARE INC
2949,NOTRE DAME HOSPITAL
3120,QUEENS UNIVERSITY
1954,BAYER INC
3735,SHIRE CANADA INC
8830,"SYNTHETIC BIOLOGICS, INC"
9628,KINGSTON HEALTH SCIENCE CENTRE
9630,WAVE LIFE SCIENCE LTD
9654,ELOXX PHARMACEUTICALS INC
9675,ASCENDIS PHARMA ENDOCRINOLOGY DIVISION A/S
10477,ANGION BIOMEDICA CORPORATION
9684,GLWL RESEARCH INC
10545,"GALDERMA RESEARCH & DEVELOPMENT, LLC"
8085,ASTRAZENECA AB
8859,ULTRAGENYX PHARMACEUTICAL INC
10600,COLLABORATIVE NETWORK FOR NEURO-ONCOLOGY CLINICAL TRIALS (CONNECT)
11201,REISTONE BIOPHARMA COMPANY LIMITED
11355,RENEO PHARMA LTD
10128,"MEDEOR THERAPEUTICS, INC."
10149,APPLIED GENETIC TECHNOLOGIES CORPORATION
7628,MERCK CANADA INC
9284,"CHUM: UNIVERSITE DE MONTREAL, HOPITAL NOTRE-DAME"
9326,MOBERG PHARMA AB
10191,OBSEVA S.A
7683,BIOTIE THERAPIES INC
8541,DR DAVID SPANER
8572,CARE ARTHRITIS LTD.
9356,DR BRUNO GAGNON
10231,UNIVERSITY COLLEGE DUBLIN
10264,JOUNCE THERAPEUTICS INC
8593,CSL BEHRING
8610,"JAEB CENTER FOR HEALTH RESEARCH FOUNDATION, INC"
8613,SUMMIT CORPORATION PLC
8639,MYLAN GMBH
8641,DR ALESSANDRO DORIA
9392,TAIHO ONCOLOGY INC.
9393,DR MICHELLE SHOLZBERG
9418,CIDARA THERAPEUTICS INC
9420,CIUSSS DE L'ESTRIE - CENTRE HOSPITALIER UNIVERSITAIRE DE SHERBROOKE
9422,JAZZ PHARMACEUTICALS IRELAND LIMITED
9424,AKROS PHARMA INC
9427,"SAREPTA THERAPEUTICS, INC"
9429,"KOWA RESEARCH INSTITUTE, INC"
10274,ITERION THERAPEUTICS
10287,ABIVAX SA
10295,SAINT-LOUIS UNIVERSITY
10308,"WINSANTOR, INC"
10315,INMUNOTEK S.L.
10334,"AGENEBIO, INC"
8661,CONCORDIA LABORATORIES INC
8691,DR FRANÇOIS MADORE
9444,NEURALTUS PHARMACEUTICALS INC
9463,DR BENJAMIN SMITH
7835,UNIVERSITY OF NEW SOUTH WALES
8711,DR. DANIEL BLUMBERGER
9560,ZEALAND PHARMA A/S
8781,GLYPHARMA THERAPEUTIC INC
8783,TRIPLE HAIR INC
9563,MEREO BIOPHARMA 3 LIMITED
9582,XERIS PHARMACEUTICALS INC
9592,ATEA PHARMACEUTICALS INC
9598,ASTRAZENECA PHARMACEUTICALS LP
9617,CAN-FITE BIOPHARMA LTD
10686,DR GEORGE MEDVEDEV
10886,ALZHEIMER'S DISEASE COOPERATIVE STUDY (ADCS)
7961,PRINCESS MARGARET HOSPITAL PHASE I CONSORTIUM
10057,CHENGDU KANGHONG BIOTECHNOLOGY CO. LTD.
10058,UNIVERSITY OF IOWA
10061,ST PAUL'S SINUS CENTRE
10089,AOBIOME LLC
11827,CENTRE INTÉGRÉ UNIVERSITAIRE DE SANTÉ ET DE SERVICES SOCIAUX
12525,"PROTARA THERAPEUTICS, INC"
11828,ARVINAS ESTROGEN RECEPTOR INC.
12586,ST. MICHAEL'S HOSPITAL UNITY HEALTH TORONTO
12600,BE BIOPHARMA
13114,EXSCIENTIA AI LTD
12262,"OPSIDIO, LLC"
12647,"AVALO THERAPEUTICS, INC."
12938,"MAREA THERAPEUTICS, INC."
12075,APCINTEX LIMITED
12329,"BELHAVEN BIOPHARMA, INC."
12497,"APOGEE THERAPEUTICS, INC"
12213,"CHINOOK THERAPEUTICS, INC."
12869,"BLUEFIN BIOMEDICINE, INC"
11983,QURALIS CORPORATION
11992,CALCILYTIX THERAPEUTICS INC
8869,UNIVERSITY OF MICHIGAN INTERNAL MEDICINE-RHEUMATOLOGY
9756,DR. KENNETH I LIM
10490,HIGHTIDE BIOPHARMA PROPRIETARY LIMITED
10525,MERUS B.V.
10579,CEREVEL THERAPEUTICS LLC
8132,TESARO INC
9761,AOSPINE NORTH AMERICA
9765,SYMPHOGEN A/S
9799,CENTRE INTEGRE UNIVERSITAIRE DE SANTE ET DE SERVICES SOCIAUX DE L'EST DE MONTREA
9809,"KINIKSA PHARMACEUTICALS, LTD."
9822,DR DAVID Z I CHERNEY
8175,INTERMUNE CANADA INC
8209,DR MAGDY SELIM
8950,"SAGE THERAPEUTICS, INC"
8992,"PROTEON THERAPEUTICS, INC"
9872,IMPRIMIS PHARMACEUTICALS INC
9883,DR AARON KESHEN
10810,"TARGETED THERAPY TECHNOLOGIES, LLC"
9016,SERES THERAPEUTICS
9032,JOHNS HOPKINS BLOOMBERG SCHOOL OF PUBLIC HEALTH
9889,BEAT CHILDHOOD CANCER
9893,VACCINEX INC.
9897,THE MONTREAL FERTILITY CENTER
9912,DR RICHARD WARREN
8319,AQUINOX PHARMACEUTICALS INC
9072,DR. GELAREH MOHAMMADZADEH
9951,PRAIRIE MOUNTAIN HEALTH
9955,DR JOHN KIRBY
8375,VERASTEM INCORPORATED
9090,MCMASTER UNIVERSITY NUCLEAR MEDICINE PROGRAM
9118,TURNSTONE BIOLOGICS
9126,"CANADIAN CANCER TRIALS GROUP, CANCER RESEARCH INSTITUTE, QUEEN'S UNIVERSITY"
8406,OCTAPHARMA CANADA INC
8411,DR. GERALD BATIST
9145,CORVUS PHARMACEUTICALS INC
9151,ZOGENIX INTERNATIONAL LIMITED
9160,DR. MICHAEL COHEN-WOLKOWIEZ
9192,ADVANCED ACCELERATOR APPLICATIONS INTERNATIONAL SA
10005,BOND AVILLION 2 DEVELOPMENT LP
10034,"SIERRA ONCOLOGY, INC"
7591,DAIICHI SANKYO PHARMA DEVELOPMENT
7604,UNIVERSITÉ LAVAL
8443,SUN PHARMA ADVANCED RESEARCH COMPANY LTD.
8448,DR KENNETH MADDEN
9213,BIOREST LTD
9251,RECRO PHARMA INC
11365,NATIONAL INSTITUTE OF ALLERGY AND INFECTIOUS DISEASES (NIAID)
11391,DR. MARC TEWFIK
11551,PULMOCIDE LTD
11784,MOONLAKE IMMUNOTHERAPEUTICS AG
10706,CANSINO BIOLOGICS INC.
11392,TAYSHA GENE THERAPIES INC.
11589,"VENTYX BIOSCIENCES, INC."
11776,"KITE, A GILEAD COMPANY"
11260,"TRIUMVIRA IMMUNOLOGICS, INC."
11055,"VIR BIOTECHNOLOGY, INC."
11206,DIAMOND THERAPEUTICS
11411,"KENTUCKY BIOPROCESSING, INC."
11794,"DR. MARCUS BUTLER, UNIVERSITY HEALTH NETWORK ¿ PRINCESS MARGARET CANCER CENTRE"
11213,RESPIRATORY INVESTIGATION UNIT
4827,ALK- ABELLO A/S
4758,BAXTER HEALTHCARE CORPORATION
62,SERVIER CANADA INC
6682,IMMUNOVACCINE TECHNOLOGIES
6683,CHELSEA THERAPEUTICS INC
6977,ARENA PHARMACEUTICALS INC
7201,PHARMAESSENTIA CORPORATION
7175,KIADIS PHARMA NETHERLANDS BV
6953,SEATTLE CHILDREN S HOSPITAL
6740,PTC THERAPEUTICS INC
7258,ADAMAS PHARMACEUTICALS INC.
7350,TEVA CANADA LIMITED
7419,TEKMIRA PHARMACEUTICALS CORPORATION
7431,CENTRE DE RECHERCHE DU CENTRE HOSPITALIER DE L'UNIVERSITÉ DE MONTRÉAL
11450,"ELEDON PHARMACEUTICALS, INC."
11566,AZURA OPHTHALMICS
11798,"23ANDME, INC."
11149,DENOVO BIOPHARMA LLC
11611,"ADVANCED ACCELERATOR APPLICATIONS, A NOVARTIS COMPANY"
11186,DR. KEVIN PEHR
11329,"ES THERAPEUTICS, INC."
11409,DR. JANET E. POPE
11495,"NIMBUS LAKSHMI, INC."
11711,CYBIN THERAPEUTICS INC.
11001,NUVOX PHARMA LLC
11716,INDEX PHARMACEUTICALS
10760,REVIRAL LTD.
11666,REMEDY INSTITUTE
11292,"TRAVERE THERAPEUTICS, INC."
11527,DR. PETER COUROUX
11073,STEPHEN PASTERNAK
11511,JANSSEN VACCINES & PREVENTION B.V.
11729,"BIOCARDIA, INC."
11645,PROKIDNEY
11270,KINGSWAY ORAL AND MAXILLOFACIAL SURGERY
11046,BICYCLETX LIMITED
11761,APEX LABS INC.
11780,ASLAN PHARMACEUTICALS PTE. LTD
11251,DR. SUNITA K.S. SINGH
11490,DR. ANCA PRICA
6598,"CYTOKINETICS, INCORPORATED"
6393,CSL BEHRING CANADA INC
6477,XENON PHARMACEUTICALS INC
6540,ID BIOMEDICAL CORPORATION OF QUEBEC
6348,BAYER HEALTHCARE LLC
6920,SANOFI AVENTIS RECHERCHE & DEVELOPPEMENT
4848,BRISTOL-MYERS SQUIBB CANADA
5739,MONTREAL GENERAL HOSPITAL
5925,DIAMEDICA INC
4947,UNIVERSITY OF OTTAWA HEART INSTITUTE
5769,ORION CORPORATION
5786,DEXCEL PHARMA TECHNOLOGIES LTD
5997,SYNTHON BV
6317,CHU SAINTE JUSTINE
5990,HELSINN HEALTHCARE SA
6077,ALCON RESEARCH LIMITED
6037,THRESHOLD PHARMACEUTICALS INC
6224,MOMENTA PHARMACEUTICALS INC
5978,GRUNENTHAL GMBH
6078,OCERA THERAPEUTICS INC
3225,MONTREAL CHILDRENS HOSPITAL
647,UNIVERSITY OF SASKATCHEWAN
1288,VERTEX PHARMACEUTICALS INC
1334,THE HOSPITAL FOR SICK CHILDREN
1139,IMMUNOGEN INC
2328,ISIS PHARMACEUTICALS INC
12894,THEOLYTICS LTD.
11968,K36 THERAPEUTICS INC.
12796,NUVATION BIO INC
12116,APEX LABS LTD
11859,"NOVOME BIOTECHNOLOGIES, INC."
12733,"ATTOVIA THERAPEUTICS, INC."
13064,IMMUNABS INC.
11878,"CRINETICS PHARMACEUTICALS, INC."
11978,IGC PHARMA LLC
12087,"KRIYA THERAPEUTICS, INC."
12151,ASCENDIS PHARMA ONCOLOGY DIVISION A/S
12153,"AGOMAB SPAIN, S.L."
12158,"CONJUPRO BIOTHERAPEUTICS, INC"
11870,"MIRUM PHARMACEUTICALS, INC."
12923,VIATRIS INNOVATION GMBH
12065,DIZAL (JIANGSU) PHARMACEUTICAL CO. LTD
12325,DR. PETER BLACK
12925,TEVA BRANDED PHARMACEUTICAL PRODUCTS R&D LLC
12412,ABCELLERA BIOLOGICS INC
12181,CIUSSS DU NORD-DE-L'ÎLE-DE-MONTRÉAL
13015,"KINIKSA PHARMACEUTICALS, GMBH"
11917,"ARRIVENT BIOPHARMA, INC."
13044,CONTINEUM THERAPEUTICS INC
12291,DR. IAN DE BOER
12576,ESSA PHARMA INC.
12769,"CORXEL PHARMACEUTICALS, CO, LTD"
12199,"MILTENYI BIOMEDICINE, GMBH"
12962,SUMMIT THERAPEUTICS INC.
12574,ARRAYUS TECHNOLOGIES INC.
12420,TIMBER PHARMACEUTICALS INC
13053,"VIVIDION THERAPEUTICS, INC."
11905,"ADISO THERAPEUTICS, INC."
12522,AVALYN PHARMA INC
12445,"TISENTO THERAPEUTICS, INC."
12475,COYA THERAPEUTICS
12919,BEONE MEDICINES LTD.
13162,"CIUSSS DU CENTRE-OUEST-DE-L’ILE-DE-MONTREAL, INSTITUTION OF SANTÉ QUEBEC"
12039,"BIAL R&D INVESTMENTS, S.A."
12459,"SALUBRIS BIOTHERAPEUTICS, INC."
12357,DR. MATHEW KIBERD
11891,DESENTUM OY
11969,"ORIC PHARMACEUTICALS, INC."
10757,ENTOS PHARMACEUTICALS
6750,REGINA QU'APPELLE HEALTH REGION
6899,ALNYLAM PHARMACEUTICALS INC
6653,UNIVERSITÉ DE SHERBROOKE
6647,STEMCELLS INC
7118,AGENSYS INC
7072,NORTHWESTERN UNIVERSITY
6862,ANTHERA PHARMACEUTICALS INC
5596,WEX PHARMACEUTICALS INC
7260,ST BONIFACE GENERAL HOSPITAL
7394,THERAPURE BIOPHARMA INC.
10711,ADLAI NORTYE USA INC
10712,ARCH BIOPARTNERS INC.
10897,SWEDISH ORPHAN BIOVITRUM AG (SOBI AG)
11074,PHARVARIS NETHERLANDS B.V.
11030,"CRESTONE, INC."
11109,HYGEA CLINIC
11562,"UBC CENTRE FOR HEART LUNG INNOVATION, ST. PAUL'S HOSPITAL"
11592,SBI ALAPHARMA CANADA INC.
10799,"EDESA BIOTECH RESEARCH, INC"
11269,DR. TYLER SAFRAN
11228,"ARCTURUS THERAPEUTICS, INC."
11243,"OLEMA PHARMACEUTICALS, INC."
11762,PEDIATRIC BRAIN TUMOUR CONSORTIUM
11763,PEPGEN INC.
11359,"K-GROUP BETA, INC."
11493,BRAIN AND COGNITION DISCOVERY FOUNDATION
11569,CLAIRVOYANT THERAPEUTICS INC.
10467,BOSTON PHARMACEUTICALS INC
11602,"ASPA THERAPEUTICS, INC, A SUBSIDIARY OF BRIDGEBIO PHARMA"
6365,MCMASTER CHILDRENS HOSPITAL
6541,OMEROS CORPORATION
6877,SYNDAX PHARMACEUTICALS INC
6668,NEWRON PHARMACEUTICALS S.P.A.
6870,CELSION CORPORATION
4332,UNIVERSITY OF CALGARY
4366,CENTRE FOR ADDICTION AND MENTAL HEALTH
4814,XOMA US LLC
4826,IDENIX PHARMACEUTICALS INC
4860,CANADIAN VIGOUR CENTRE
5743,MOUNT SINAI MEDICAL CENTER
5552,LAWSON HEALTH RESEARCH INSTITUTE
6230,AMICUS THERAPEUTICS INC
6263,UNIVERSITY OF SOUTH FLORIDA
5948,INO THERAPEUTICS
6052,PET CENTRE CENTRE FOR ADDICTION AND MENTAL HEALTH
6136,RADIUS HEALTH INC
6204,NATIONAL CANCER INSTITUTE DIVISION OF CANCER PREVENTION
6190,NOVARTIS VACCINES AND DIAGNOSTICS INC
6209,SANTHERA PHARMACEUTICALS (SWITZERLAND) LIMITED
6133,JAZZ PHARMACEUTICALS INC
6046,WELICHEM BIOTECH INC
3259,THE MEDICINES COMPANY
24,NOVO NORDISK AS
156,GENZYME CORPORATION
1268,HOPITAL MAISONNEUVE ROSEMONT
728,MCGILL UNIVERSITY
2009,PIERRE FABRE MEDICAMENT
2361,VANCOUVER GENERAL HOSPITAL
907,CROSS CANCER INSTITUTE
2445,MCMASTER UNIVERSITY
11818,"OPNA-IO, LLC"
12309,"TORL BIOTHERAPEUTICS, LLC"
12362,"SAMUEL SOLIMAN, MD. (NEWLIFE FERTILITY CENTER)"
13081,WILFRID LAURIER UNIVERSITY
13007,"AMERICAN ASSOCIATION FOR CANCER RESEARCH, INC.(AACR)"
12053,NEURACLE GENETICS INC.
12054,NOUSCOM S.R.L.
12692,DR. NADINE SHEHATA
13012,NRG ONCOLOGY AT THE AMERICAN COLLEGE OF RADIOLOGY
13190,YELLOW JERSEY THERAPEUTICS AG
12584,"THERAS, INC., D/B/A BRIDGEBIO ONCOLOGY THERAPEUTICS"
12984,DR. POUYA AZAR
12150,STATE UNIVERSITY OF NEW YORK AT BUFFALO
12157,RAIN ONCOLOGY INC
12917,"ORUKA THERAPEUTICS, INC."
13052,DR. ELISA BRIETZKE
12278,GOVERNORS OF THE UNIVERSITY OF CALGARY / DR. VICTOR LUN
12413,CONSCIOUS MIND CLINIC
12180,AURION BIOTECH INC.
12928,CITRYLL BV
12260,DR. TOM APPLETON - WESTERN UNIVERSITY
12612,"JASPER THERAPEUTICS, INC"
12473,"ACUMEN PHARMACEUTICALS, INCORPORATED"
13024,ZOMAGEN BIOSCIENCES LTD.
12454,"ARVINAS OPERATIONS, INC."
11965,FORE BIOTHERAPEUTICS U.S. INC
13002,"MAVRIX BIO, LLC"
12554,"SPYRE THERAPEUTICS, INC."
12598,MCGILL UNIVERSITY HEALTH CENTRE RESEARCH INSTITUTE
12662,"NOCION THERAPEUTICS, INC"
13054,"NIMBUS WADJET, INC."
12201,SFJ PHARMACEUTICALS
12096,"SUMMIT THERAPEUTICS SUB, INC."
13088,EXCIVA GMBH
11815,AARDVARK THERAPEUTICS INC
12300,ANTHONY CHAU
12038,"ALPINE IMMUNE SCIENCES, INC."
12478,ST MARY¿S RESEARCH CENTRE
12211,INMAGENE LLC
12390,"REDNVIA CO., LTD."
12657,GENEVA UNIVERSITY HOSPITALS
3840,PURDUE PHARMA
4466,AMG MEDICAL INC
5148,DYAX CORP
2878,PHARMACYCLICS INC
3728,GENZYME CANADA INC
3523,NEPHRON PHARMACEUTICALS CORP
2658,ST PAULS HOSPITAL VANCOUVER
3878,QLT INC
8811,MEDICA SCIENTIA INNOVATION RESEARCH
9640,ILKOS THERAPEUTICS INC
9645,UNIVERSITY OF SOUTHERN CALIFORNIA
9659,DR JEREMY ROAD
9679,UNIVERSITY HOSPITALS CLEVELAND MEDICAL CENTER
10652,ICHNOS SCIENCES SA
9680,VERITY PHARMACEUTICALS INC
10420,BUZZZ PHARMACEUTICALS LIMITED
8053,JINA PHARMACEUTICALS INC
8069,CENTRE HOSPITALIER AFFILIÉ UNIVERSITAIRE DE QUÉBEC
8096,OPTINOSE US INC
10522,"EMD SERONO RESEARCH & DEVELOPMENT INSTITUTE, INC"
10566,PLIANT THERAPEUTICS INC
11607,MEIJI PHARMA USA INC
10102,DR GELAREH ZADEH
7653,VERTEX PHARMACEUTICALS (CANADA) INCORPORATED
10159,SUBLIMITY THERAPEUTICS (HOLD CO.) LTD.
8564,ISOLOGIC INNOVATIVE RADIOPHARMACEUTICALS LTD.
8582,ARCA BIOPHARMA INC
9368,REGULUS THERAPEUTICS INC
9387,HEALTH SCIENCES NORTH RESEARCH INSTITUTE
10213,FORBIUS (FORMATION BIOLOGICS)
7739,"INOVIO PHARMACEUTICALS, INC."
8601,FORUM PHARMACEUTICALS INC
8611,"SOMAHLUTION, INC"
8618,TREVENA INC
8630,AERIE PHARMACEUTICALS INC
8644,DR DAREN HEYLAND
9409,NOVOTERIS LLC
10277,"CELLECTAR BIOSCIENCES, INC"
7771,"SERENITY PHARMACEUTICALS, LLC"
7789,VERSARTIS INC
7799,DR NAVEEN POONAI
8676,ANERGIS S.A.
8678,"EPIZYME, INC."
9445,PRCL RESEARCH INC
9476,MEDA PHARMA GMBH & CO. KG
9478,TETRA BIO-PHARMA INC.
10351,"EMALEX BIOSCIENCES, INC"
10388,HEALTH CORE INC (NEW ENGLAND RESEARCH INSTITUTES INC)
10397,"AROG PHARMACEUTICALS, INC"
10401,"REPLIMUNE, INC."
7819,CELLTRION INC
8730,DR. ARLENE STECENKO
9541,DR. VICTOR TOAN LE
10484,DR PHILIPPA HAWLEY
7855,VELOXIS PHARMACEUTICALS
7893,LIDDS AB
9562,OSE IMMUNOTHERAPEUTICS
9579,MYOVANT SCIENCES GMBH
9585,"DR. UR METSER, MD, FRCPC"
9588,AVROBIO INC
9593,INVENTIVA S.A
10455,HINOVA PHARMACEUTICALS INC
10493,"ADARE DEVELOPMENT I, LP"
7943,REDHILL BIOPHARMA LTD.
10064,XENCOR INC.
10072,SENSORION
10074,ADVICENNE
12508,SYQE MEDICAL LTD
12545,DR. YVES PASTORE
12607,AFIMMUNE LIMITED
12843,"NUVIG THERAPEUTICS, INC."
11830,"CG ONCOLOGY, INC"
12437,"DR. JOHN KURUVILLA, UNIVERSITY HEALTH NETWORK"
12756,"VOYAGER THERAPEUTICS, INC."
12815,ODYSSEY THERAPEUTICS
12828,"PIKAVATION THERAPEUTICS, INC."
12472,ACROTECH BIOPHARMA INC.
12663,"BASKING BIOSCIENCES, INC"
11855,"MARINUS PHARMACEUTICALS, INC."
12551,NORTHSEA THERAPEUTICS B.V.
13049,RESEARCH ST. JOSEPH'S - HAMILTON
8862,THERALASE TECHNOLOGIES INC
9740,CALITHERA BIOSCIENCES INC
9747,UNIVERSITY MEDICAL CENTER GRONINGEN
10462,EASTERN HEALTH REGIONAL HEALTH AUTHORITY
10578,"BOLD THERAPEUTICS, INC."
8133,BOEHRINGER INGELHEIM INTERNATIONAL GMBH
8137,PRINCESS MARGARET HOSPITAL PHASE 2 CONSORTIUM
8146,ALMIRALL S.A.
8917,IMMUNIMED. INC
8928,JANSSEN SCIENCES IRELAND UC
8935,DR TINA MELE
9823,"MERSANA THERAPEUTICS, INC"
10581,DR. CONNOR MCGUIRE
10747,DR. LISA BARRETT
8234,PRINCESS MARGARET CANCER CENTRE
8252,"CHEMO RESEARCH, S.L."
8259,MATRIZYME PHARMA CORPORATION
8262,SUN PHARMACEUTICAL INDUSTRIES LIMITED
8998,MILESTONE PHARMACEUTICALS INC
9010,"DNATRIX, INC"
9023,DR. LYSANNE CAMPEAU
9905,SASKATCHEWAN HEALTH AUTHORITY ¿ REGINA AREA
9914,"XCOVERY HOLDINGS, INC"
7478,WINNIPEG REGIONAL HEALTH AUTHORITY
9048,BOCA RATON REGIONAL HOSPITAL
9058,SHIRE VIROPHARMA INC
9067,"AIMMUNE THERAPEUTICS, INC"
9070,VITAE PHARMACEUTICAL INCORPORATED
9073,GLENMARK PHARMACEUTICALS S.A
9965,DR CHRISTOPHER ALMOND
9973,ANAPTYSBIO INC
8350,TOKAI PHARMACEUTICALS INC
8354,DR ELIZABETH TULLIS
8359,DR SARAH FERGUSON
8381,TAKEDA DEVELOPMENT CENTER AMERICAS INC
8385,DR MATTHIAS FRIEDRICH
9131,EUPRAXIA PHARMACEUTICALS INC
9981,FINCH RESEARCH AND DEVELOPMENT LLC
9155,DR. THOMAS WARKUS
9189,IMMUNOCELLULAR THERAPEUTICS LTD
9203,"SPRING BANK PHARMACEUTICALS, INC"
9205,UNIQURE BIOPHARMA B.V.
8450,MDVI LLC
8463,DR MICHAEL VAN AMERINGEN
5246,HOPITAL CHARLES LEMOYNE
9215,"AEGLEA BIOTHERAPEUTICS, INC"
9234,SASKATOON HEALTH REGION (ROYAL UNIVERSITY HOSPITAL)
11788,"OCELOT BIO, INC."
10560,MALLINCKRODT ARD LLC
10593,"THE POPULATION COUNCIL, INC"
11037,TELIX INTERNATIONAL  PTY LTD.
10531,"APPLIED THERAPEUTICS, INC."
11218,THE UNIVERSITY OF BRITISH COLUMBIA & BC CHILDREN'S HOSPITAL RESEARCH INSTITUTE
11643,"INOZYME PHARMA, INC."
11552,ALBERTA HEALTH SERVICES-TOM BAKER CANCER CENTRE
6879,INTELGENX CORP
6758,EAGLE PHARMACEUTICALS INC
6917,RIGEL PHARMACEUTICALS INC.
6835,MEDIMMUNE LLC
7023,SEATTLE GENETICS INC
7011,MULTIDISIPLINARY ASSOCIATION FOR PSYCHEDELIC STUDIES
7019,FIBROGEN INCORPORATED
7146,ASTELLAS PHARMA EUROPE B.V.
7308,VIIV HEALTHCARE ULC
4877,EISAI INC
11703,"HARMONY BIOSCIENCES, LLC"
10569,"ARUVANT SCIENCES, GMBH"
11417,ELDON LOH
10465,EVELO BIOSCIENCES INC
10510,DR SUDEEP SHIVAKUMAR
10856,PRELUDE THERAPEUTICS
11674,KBP BIOSCIENCES PTE. LTD.
11439,"PROMETHEUS BIOSCIENCES, INC."
10753,ASAHI KASEI PHARMA CORPORATION
11781,RIPPLE THERAPEUTICS CORPORATION
11570,ERASMUS MC UNIVERSITY MEDICAL CENTER
11730,"GREEN VALLEY (SHANGHAI) PHARMACEUTICALS CO., LTD"
11723,ESTETRA SRL
11681,"REVOLUTION MEDICINES, INC."
11347,ALZHEON INC
11541,DENALI THERAPEUTICS INC.
11632,ATMA JOURNEY CENTRES
11633,THE GEORGE INSTITUTE FOR GLOBAL HEALTH
11778,VADERIS THERAPEUTICS AG
11158,AEROVATE THERAPEUTICS INC
10670,DR MANDAR JOG
10461,DR PAVANI CHALASANI
6434,BIOGEN IDEC INC
6565,AETERNA ZENTARIS GMBH
6837,H. LUNDBECK A/S
6887,ASMACURE LTEE
5516,PEDIATRIC ONCOLOGY EXPERIMENTAL THERAPEUTIC INVESTIGATOR CONSORTIUM
5709,SANDOZ CANADA INCORPORATED
5719,APOPHARMA INC
1133,BAUSCH & LOMB CANADA INC
5695,LEO PHARMA AS
5704,ASTELLAS PHARMA CANADA INC
5533,CORCEPT THERAPEUTICS INC
6206,DAIICHI SANKYO INC
6061,REATA PHARMACEUTICALS INC
5570,GUERBET
6079,SHIRE HUMAN GENETIC THERAPIES INC
6138,PORTOLA PHARMACEUTICALS INC
6288,SHRINERS HOSPITAL FOR CHILDREN CANADA
6098,INCYTE CORPORATION
3300,MONTREAL NEUROLOGICAL INSTITUTE
68,GALDERMA CANADA INC
2008,ST MICHAELS HOSPITAL
11961,ROOTS TO THRIVE
12717,"TELIOS PHARMA, INC."
13099,EVME
11911,ITEOS BELGIUM SA
12379,"AURA BIOSCIENCES, INC."
12644,RIGSHOSPITALET
13086,PRILENIA THERAPEUTICS B.V.
12216,TOLYMPH INC.
12382,"DR. ARUZ MESCI, UNIVERSITY HEALTH NETWORK"
12502,JAZZ PHARMACEUTICALS RESEARCH UK LIMITED
12680,QANATPHARMA AG
12505,"SOLID BIOSCIENCES, INC."
13036,HEXIRIS INC.
13128,"LIQUIDIA TECHNOLOGIES, INC."
12354,"MINERALYS THERAPEUTICS, INC."
12544,VYNE THERAPEUTICS INC.
12822,DR ANNE CONLIN
12602,"SCLERODERMA RESEARCH FOUNDATION, INC."
12492,DR MATTHIEU PELLETIER-GALARNEAU
11981,DR. ALAN TUNG INC.
12487,BEAT CHILDHOOD CANCER RESEARCH CONSORTIUM
12633,"BEIJING AVISTONE BIOTECHNOLOGY CO., LTD."
12939,"ADARX PHARMACEUTICALS, INC."
12419,ALLAKOS INC.
12836,CLINIQUE DE RETINE DE L¿EST
13094,T.O.A.D. ONCOLOGY SA
11964,"ANKYRA THERAPEUTICS, INC."
11807,ACELYRIN INC.
12123,"KURA ONCOLOGY, INC."
12125,GOVERNORS OF THE UNIVERSITY OF BRITISH COLUMBIA
12705,ATMA CENA PSYCHEDELIC HEALTHCARE SOLUTIONS
12846,EQUILIBRA BIOSCIENCE LLC
11849,"CABALETTA BIO, INC."
13196,FERRING VENTURES LIMITED
12886,VENTUS THERAPEUTICS U.S
13046,VOR BIOPHARMA INC.
11909,ESCIENT PHARMCEUTICALS INC
4034,ROBARTS RESEARCH INSTITUTE
4543,CHILDRENS ONCOLOGY GROUP
5239,"ESPERION THERAPEUTICS, INC"
5407,TORONTO REHABILITATION INSTITUTE
2668,LA JOLLA PHARMACEUTICAL CO
3841,LEO PHARMA INC
9653,"RHYTHM PHARMACEUTICALS, INC"
9669,"SERENE, LLC"
10575,VANCOUVER GENERAL HOSPITAL AND UNIVERSITY OF BRITISH COLUMBIA FOUNDATION
7979,GICARE PHARMA INC
8000,TEVA BRANDED PHARMACEUTICAL PRODUCTS R&D INC
8854,"ONCOMED PHARMACEUTICALS, INC"
9723,RECORDATI RARE DISEASES CANADA INC
8066,PUMA BIOTECHNOLOGY INC
11668,"LEXEO THERAPEUTICS, INC."
7654,CELGENE INC
8496,"AXSOME THERAPEUTICS, INC."
8500,ALLERGOPHARMA GMBH AND CO.KG
8511,SOPHIRIS BIO CORP.
9335,PROQR THERAPEUTICS III B.V.
8536,CYMABAY THERAPEUTICS INC
9360,BAXALTA INNOVATIONS GMBH
10201,DICERNA PHARMACEUTICALS INC
10204,IMMUNOVANT SCIENCES GMBH
10207,ENGAGE THERAPEUTICS INC
10246,SHATTUCK LABS INC
10255,GALECTO BIOTECH AB
8636,TETRAPHASE PHARMACEUTICALS INC
8638,NRG ONCOLOGY
9402,"AZTHERAPIES, INC"
9434,MESOBLAST INC
10285,"CONCERT PHARMACEUTICALS, INC."
10301,RESPIVANT SCIENCES GMBH
10318,CHILDREN'S RESEARCH INSTITUTE
10324,WAVE LIFE SCIENCES UK LTD
10325,ASCENDIS PHARMA BONE DISEASES A/S
7797,SOV THERAPEUTICS INC
8649,OSMOTICA PHARMACEUTICAL CORPORATION
8665,STARPHARMA PTY LTD
9461,VHSQUARED LTD
10354,DR AHTSHAM U NIAZI
10357,ASPEN GLOBAL INCORPORATED
10359,SANOTIZE RESEARCH & DEVELOPMENT CORP
10367,GLOBAL COALITION FOR ADAPTIVE RESEARCH
10386,DR KANECIA ZIMMERMAN
10399,HIKMA PHARMACEUTICALS USA INC
8696,"KINETA ONE, LLC"
9509,ARMO BIOSCIENCES INC
9558,ASANA BIOSCIENCES LLC
10561,APPLIED MOLECULAR TRANSPORT INC.
7857,DERMIRA INCORPORATED
7885,ASUBIO PHARMACEUTICALS INC.
7890,REGENERA PHARMA LTD.
8750,"TOBIRA THERAPEUTICS, INC"
8765,"IRONWOOD PHARMACEUTICALS, INC"
8799,CENTRE DE RECHERCHE DU CHUS
9590,NEXT CONSORTIUM
9601,RESVERLOGIX CORP
10474,BRISTOL-MYERS SQUIBB COMPANY
7922,SYNAGEVA BIOPHARMA CORPORATION
10068,DR JOHANNES A (BERTUS) EKSTEEN
10073,"AYALA PHARMACEUTICALS, INC."
12786,ENDEVICA BIO
12375,"DR. ANNA SPREAFICO, UNIVERSITY HEALTH NETWORK"
12654,4MOVINGBIOTECH
12826,OCTANE BIOTHERAPEUTICS INC.
12853,"ALIGOS THERAPEUTICS, INC."
12183,"GRIN THERAPEUTICS, INC"
12264,DR. AMIT OZA
12336,"PROJENX, INC."
12666,"TREELINE BIOSCIENCES, INC."
12247,"PRIME MEDICINE, INC."
12552,"SPLISENSE, LTD"
11972,DR. KEYVAN KARKOUTI
9748,LOXO ONCOLOGY INC
8905,TORONTO CENTRE FOR ADVANCED REPRODUCTIVE TECHNOLOGY
8933,CROMA-PHARMA
9772,CRISPR THERAPEUTICS INC
9804,CIUSSS DE L'EST DE L'ILE-DE-MONTRÉAL
9806,TILRAY CANADA LTD
10501,"MODERNATX, INC."
10530,ASCENDIS PHARMA GROWTH DISORDERS A/S
8960,DR CYNTHIA CALKIN
8972,ACACIA PHARMA LTD
8987,DR MICHEL WHITE
10448,ADC THERAPEUTICS SA
